µA1,µA2,µA3,µA4,µA5,µA6,µA7,µA8
0.0,0.0,-0.0083361353193007,-0.0044873356819152,-0.0030568667820518,-0.0014901161193847,-0.0227987766265867,-0.0013510386149087
0.0,-0.0155808811541638,-0.0086452096833711,-0.0098675393383018,-0.0053454340169467,-0.0101997866295278,-0.0534892024006692,-0.0027721592535572
-0.0054784468375146,0.0,-0.0080100310567228,-0.000564465590287,-0.0083125445858702,0.0,-0.0298380909953264,-0.0137581955641504
0.0,-0.0029452797783329,-0.0064881304615878,0.0,-0.0073082068954009,-0.0049765170505025,-0.0223786195195307,-0.0028548599031332
0.0,-0.0095510950723056,-0.0102512162923398,0.0,-0.0024424167939047,-0.0096843424112731,-0.0177832126845691,-0.0047498824437759
-0.0076358714361632,0.0,-0.0055354996238836,-0.0129584035786672,-0.0115220999820422,-0.0034286794393128,-0.0136880397568367,-0.020840378379791
-0.0112873050457782,-0.0051609519111184,-0.0196697936455539,-0.0059883979132666,-0.0099941699879682,0.0,0.0,-0.0074766118579336
-0.004642381099984,-0.0161769276019181,0.0,-0.0067737128119915,-0.0070824836646865,-0.0021586893126368,-0.0221371592488139,-0.0075405308355885
-0.0186034303624183,-0.0006315822247415,-0.0027307625194739,-0.0009748910088092,-3.60139113444458e-05,-0.0008612793559827,0.0,0.0
-0.0003278255462646,0.0,-0.0036358833312983,0.0,-0.007092952728271,-0.0116427739461262,0.0,-0.0049273173014322
-0.0016987323760986,-0.0206828117370605,-0.0065309660775316,-0.0063180923461905,-0.0173960413251599,-0.0141064325968423,-0.0055631001790362,-0.0128746032714843
0.0,-0.0181724899448454,-0.0092242262326178,-0.012989272363483,-0.0220687943510709,-0.0077217894916732,-0.0273799782411916,0.0
0.0,-0.0092456466518342,0.0,-0.0022695166990147,-0.0031013956426508,0.0,-0.0196679547015161,-0.0186537702878314
-0.0088683950552934,-0.0292601455279433,0.0,0.0,0.0,-0.0018077127211055,-0.0076236753259321,0.0
-0.0065780245213487,-0.004333933898283,-0.0147300306866842,-0.0099998846642974,-0.0103859517742284,-0.0116220212199574,-0.0046452501531442,-0.009050699480226
-0.0048660672755263,0.0,-0.0070682394026013,-0.0209945306189021,-0.0154933012664309,-0.0076501472574186,-0.0131566704197715,-0.0028702294748516
-0.008297742640019,-0.0216523597014846,-0.0051262766247137,0.0,-0.0117679059160467,0.0,-0.0178076397782336,-0.0175930617889262
0.0,-0.0139000088286894,-0.0137364342143491,-0.0039293663576227,-0.0195161344229484,-0.01939475381126,-0.0126774991965951,-0.0209237138430276
-0.0100577793394523,-0.0097034305023648,-0.0042811984063257,-0.0008390052244053,-0.0141875828954969,0.0,-0.0099722658180522,-0.0033949812253315
-0.0099685368249531,-0.0043352654205852,-0.0119376816795549,-0.0176384096341922,-0.0243199971934143,-0.0014937112296009,-0.0098489153975465,-0.0057719589630267
-0.0035206210542866,0.0,0.0,0.0,-0.0024747898313115,0.0,-0.0035326301173368,0.0
-0.0006119676501401,0.0,-0.0066254620414125,-0.0052589043982003,-0.0071053021653109,-0.0148307712184237,-0.0115672132257612,-0.0014359783247476
0.0,-0.0143347886716874,-0.00849819652915,0.0,-0.0042143718417824,-0.0292622854745006,-0.0033435793127389,-0.0094749871596814
-0.0188688503720074,-0.0005772097302991,0.0,-0.0076818374882137,-0.0034692087301682,-0.0160372445547963,-0.0199154776262793,-0.0075004156723496
-0.0213206014089913,-0.0049394428006301,-0.0127205026628281,-0.0025415146619063,-0.0040353478036125,-0.0113952724827482,-0.0217054240355229,-0.0212614704057209
-0.0036656656808515,-0.017731996630296,-0.0017208512713233,-0.0229215895861397,-0.0139110688778463,-0.0341426761256503,-0.0526281907376972,0.0
0.0,-0.0235247411752364,0.0,-0.005383500646551,-0.0244907882735563,0.0,0.0,-0.0259735528335094
-0.0139486975967875,0.0,-0.0030866649467497,0.0,-0.0149536697955952,0.0,-0.0127424308093385,-0.0002089538611469
0.0,-0.0185011251067544,-0.0102886173408477,-0.0099170836620023,-0.0064064674502728,-0.0356712747210013,-0.0077667818436395,0.0
-0.0134329067684913,-0.0143621384856241,-0.0102118420909041,-0.0041532425175097,-0.0146315331153781,-0.0228383751487697,-0.0079865475254643,-0.0126979406967637
0.0,-0.0239695802961895,-7.02644318922863e-05,0.0,-0.0101908820276899,-0.0037447447903855,-0.0239492128759057,-0.0088160205766194
-0.0096738138742109,-0.0071982303172624,-0.0152838920622475,-0.0067568099230537,-0.0107682785169632,-0.0247065389824002,-0.0084965877085464,0.0
0.0,-0.0044079060145465,-0.0146790575672983,0.0,-0.008473394641189,-0.0351768124326097,-0.0368570504303227,-0.0166409472557885
0.0,-0.0040027463070528,-0.0091872547470207,-0.0090445232414189,0.0,-0.0003482954679616,-0.0194410824004687,-0.0145130151382286
-0.0137165456346726,-0.0059750714877902,0.0,-0.0047150884257964,-0.0110344728307992,0.0,-0.0263444282514231,-0.0333618008503461
0.0,-0.0097172059003423,-0.0077051496517146,0.0,0.0,-0.01127920987153,-0.0294876957326855,-0.0194081779907996
0.0,-0.0102590196064702,0.0,-0.0053798007942247,-0.0186337504570695,-0.0021948360424544,-0.0325764065351878,0.0
-0.0105025537777692,0.0,-0.0108352687675499,-0.0055433774832627,-0.0128603423945606,-0.0098666738873967,-0.0027555255814403,-0.0080738682299852
-0.0115511647891249,-0.0162036369808671,-0.007069966522976,-0.0117419695015988,-0.014080957043916,-0.0080544559750706,-0.0201914281955503,-0.0249232631176709
-0.004310337420911,-0.0101573017269252,0.0,0.0,-0.0148637834606471,0.0,-0.0094442056556723,-0.0071834410817613
-0.0074473849433975,0.0,-0.004481008145271,-0.018428563501002,-0.0158619116002032,-0.0281756206127146,-0.0239766701084343,-0.0165912167999719
-0.0211628445487881,-0.0130069738808301,-0.0106347297697669,0.0,-0.0165630151576093,-0.0104481892017385,-0.0118622269378396,-0.0033405764129184
0.0,0.0,-0.0114604067494272,-0.0082417331054593,0.0,0.0,-0.0383157279313585,-0.0127483521311289
-0.0065686472225925,-0.0078555312938983,-0.0075689342338588,-0.0030399824026967,-0.0111294211819768,-0.0011635711416602,-0.0270918865071971,-0.0116978306323288
-0.0061867467593392,-0.0226143631152804,-0.0071414920967068,-0.0030396913643926,0.0,-0.008373172022402,-0.0202093976865662,-0.0137652736157178
-0.0007450580596914,-0.0014901161193838,-0.0108301639556883,0.0,-0.003814697265625,0.0,-0.0290198332497921,-0.0063657760620116
-0.0065267086029048,-0.0207781791686994,-0.0034511089324951,-0.0134594738483429,-0.026702880859375,0.0,-0.0273541745950389,0.0
-0.0020386942196633,-0.0125285354442877,0.0,-0.0014309443940874,-0.0110054388642311,-0.0116539886221285,-0.0299658736056603,-0.0005762267392127
0.0,-0.003445509355513,-0.0036405690480022,-0.0042463980207685,-0.023803673684597,-0.0150488922372456,-0.0221299809164492,-0.0020066412010538
-0.0041460262101105,-0.0114665869150827,0.0,-0.0052794585848836,-0.0057407632976584,-0.0092235691185595,-0.0295032220880842,-0.001226398616539
-0.0033781726244717,-0.0133474002105847,-0.0108832260705225,-0.0050499350503052,0.0,0.0,-0.0254397188002801,0.0
-0.0090877130828372,-0.0140468945281795,-0.0100976088904146,-0.0101194470450316,-0.0061427308589776,-0.0090457538259605,-0.026319749492837,-0.0022812686279203
-0.0107040452882141,-0.0122620221699954,-0.0110747370210885,-0.0020221104001017,0.0,-0.0079425685767524,-0.0259519118414495,-0.0073169338012658
-0.0124081520230628,-0.0071402755565914,-0.0130487314891068,0.0,-7.18864612281322e-06,0.0,-0.0242656074512888,-0.0107090163510285
0.0,-0.0147465500049266,-0.0152038701344279,0.0,-0.0019001599866896,-0.0094865972641855,-0.0189336112444403,-0.0052550943413118
-0.0065479959760379,-0.0117421150207493,0.0,-0.0171661376953116,-0.0065267086029052,0.0,-0.0147510869490641,-0.0022749106089263
-0.0213469777788418,-0.0005125999450661,-0.0127851963043212,-0.0059366226196271,-0.0012218952178955,-0.0070631504058837,-0.020030238579653,-0.0009437402089427
0.0,-0.00227653654292,0.0,-0.0005384557880443,0.0,-0.0254417245741934,-0.022374636069371,-0.004430660434687
-0.02359305342127,-0.0055912765674275,0.0,0.0,-0.0134340565030773,-0.0102018530014902,-0.0240763814823408,-0.0049074005801219
-0.0009784650877602,-0.0102744940195758,0.0,-0.0104486286040957,-0.0143627886835307,0.0,-0.0257285678899172,-0.006988180944826
-0.0245293065704817,-0.0058372149688872,-0.0040952870582151,0.0,-0.0009677504093162,-0.0174327179711078,-0.0326333319173799,-0.0181035198852616
-0.0130727093335348,-0.0066559185760328,-0.0071103861595578,-0.0078024448761793,-0.0227151617814388,0.0,-0.0304148833611322,0.0
0.0,-0.0003112908925317,-0.0087279574958939,0.0,-0.0035980776087869,-0.0087279574958942,-0.0312402110307614,-0.0100984838907838
-0.0107475498225535,0.0,-0.005612440872937,-0.0185152166523013,0.0,0.0,-0.0319392047868656,-0.0069340555152535
-0.0079206249210979,-0.0009174691513176,-0.0036858837120229,-0.0065902597270879,-0.0025907841821509,-0.0032090465538203,-0.0393636661264057,-0.0012119126040479
-0.0112347137191855,-0.0002044076951506,-0.0024777157218784,-0.0055372058746034,-0.006611845187827,-0.0015240414054729,-0.042447098381566,-0.0061537159179708
-0.0106729064163478,-0.0040873223809327,-0.0245992848609491,-0.0082431254973509,-0.0062059401248424,-0.0002805897925903,-0.0302791189062408,-0.0048712887451252
-0.0086866822066955,-0.0024351287473436,0.0,-0.0176729740509844,-0.0106820425615173,-0.0030572703148315,-0.0439162050675614,-0.0053012372965402
-0.005263851954639,0.0,-0.0123042361824172,-0.0175178707245132,-0.0046733008896459,-0.0027674930183552,-0.0360400268423781,-0.0116482046549445
0.0,-0.0081744001965451,-0.0058155758293002,0.0,-0.0086781395400402,0.0,-0.0524826813929004,-0.0041668944254583
-0.0055707488235734,-0.0106268034077184,0.0,-0.009578269540321,-0.0079146066084033,0.0,-0.024102780779675,0.0
-0.0040613617721247,0.0,-0.0040109446312371,0.0,-0.0047613145138283,-0.018704096679135,-0.0320183291637857,-0.0042026457992755
-0.0101752746841308,-0.007016269271924,-0.0084895389167922,0.0,0.0,-0.0137757902468494,-0.0389246616173711,-0.0061162716086559
-0.0096746662165943,-0.0028461384187843,-0.0058508594520384,-0.0011459669622127,-0.0031312617162856,-0.0036293123331325,-0.0315187898737104,-0.0018549423354363
-0.0063709041569355,-0.0102328236347859,-0.0058316509239371,-0.000537864252692,-0.0189621932804578,-0.00569550320506,-0.0336993359371923,-0.0055360336167112
-0.017314387486274,-0.0033208791219783,-0.0027161343009802,-0.0041057406971476,-0.0067707909072277,-0.0084236285628276,-0.0349960362759456,-0.0079504245583355
-0.0076926741775773,-0.0013625386197726,-0.0062410542701291,-0.0043003973691528,0.0,-0.011124716661792,-0.0351080271155503,-0.0103408875259191
-0.0037991013351135,0.0,-0.0021035959984251,-0.0132829728395873,-0.0108409882809184,-0.0045579276524419,-0.0396865286969469,-0.0092094359604076
-0.0170655716201669,-0.0173852999256892,-0.0025290744392536,-0.0139544666697957,0.0,-0.0058285042767969,-0.0451632407238246,-0.0087388759787725
-0.0046440341975526,0.0,0.0,-0.0113234600576106,-0.0040849360326924,-0.0076029553181584,-0.042049812406648,-0.0101995926039907
-0.0008634349796907,-0.0143511311358036,0.0,-0.007973543688422,-0.0132401473820208,-0.0077617975572734,-0.0361249823667184,-0.0119733352524531
-0.0136554241180411,-0.0093579292297345,-0.0087022781372065,0.0,0.0,-0.0118944380018438,-0.0478007610478683,-0.0084042549133294
-0.0048696994781494,-0.0057154231601273,-0.0046491622924799,-0.009924173355102,-0.0093091617931017,-0.0128746032714835,-0.0413710543077275,-0.0110467274983717
0.0,0.0,-0.0121021876111619,0.0,0.0,-0.019629848086171,-0.0277747846213713,-0.0105174840427928
-0.0165671342983837,-0.0107483614960455,-0.0188922276720397,-0.0092624977696678,-0.0037349104373287,-0.0121592957940362,-0.0442618936178634,-0.0132449010076617
0.0,-0.0119931672102673,0.0,-0.0054859955268584,-0.0145885941150045,0.0,-0.036857880592583,-0.0046920373106142
-0.010897269826462,-0.0227340250140524,-0.0080782697211037,-0.0021528718344834,-0.0049252283677417,0.0,-0.0299380839031093,0.0
-0.0002607196754897,-0.0131347256641114,0.0,-0.0061917784340694,-0.0137581184673065,-0.0093510629384687,-0.054545195163482,-0.0197793263005774
0.0,-0.012431491671022,-0.0108176295753859,-0.0228858153862257,-0.0045715898782469,-0.0101012828849349,-0.0261680482238331,-0.0092951859966768
-0.0127106672152868,-0.0079542514868062,-0.0049496302381146,0.0,-0.0149484363977196,0.0,-0.0364076630720753,0.0
-0.0226706499233837,-0.0108278343557466,-0.0012492528185237,-0.0103353813756253,-0.010930816642939,0.0,-0.0471736345646284,-0.0217389897443351
-0.0088453292846675,-0.0086956553988972,-0.0115633010864247,-0.0189244747161861,-0.0084205107255406,-0.0132006757399602,-0.0555131535821076,-0.0087618827819818
-0.0020742416381835,-0.014589892493353,-0.0089406967163075,0.0,0.0,-0.0201078022227552,-0.0328725581449951,-0.0148415565490716
0.0,-0.0105503649036911,-0.0006580958142866,-0.0167259131558235,-0.0286466674879184,0.0,-0.0369208733684251,-0.0018644495867183
-0.0039004371501505,-0.0034103674503662,-0.0041102757677427,-0.0022681003125999,-0.0117544444616536,0.0,-0.0377930841739398,-0.0112485722638657
-0.0033238791232475,0.0,-0.0120705540183622,-0.0113724368752623,-0.0254691510885483,-0.0103325918062963,-0.0417155848299404,0.0
-0.0128326603189617,0.0,-0.004740409613682,-0.0075733754858156,-0.0105605766010514,0.0,-0.0395657766398052,0.0
-0.0029029659017414,-0.007110405181304,-0.0186246111382697,-0.0025991505558473,-0.0012736546888975,-0.008804102668763,-0.0356833601217814,-0.0046842003507769
0.0,-0.023297988114904,0.0,-0.0102441809632756,-0.0154521468517912,-0.0057396253496043,-0.0305536415661204,-0.0155486234242164
-0.001522377715446,0.0,-0.0116253504529593,-0.0040897284634384,-0.0091396928341546,0.0,-0.0307813072747344,0.0
0.0,-0.0221569789573524,0.0,-0.0182421451124024,-0.0055989102375775,-0.0037964234840756,-0.0324888915136784,-0.005288107786326
-0.0009087140392378,-0.0030870013056647,-0.003797344438992,0.0,-0.0131147338078316,-0.0179199124706455,-0.0339089682227148,0.0
0.0,-0.0059231438095772,-0.0066236617349448,-0.015918025754369,0.0,-0.011517575044065,-0.0362900711185823,0.0
-0.004605229189659,-0.0106866838678257,-0.026398503563517,-0.0252489155704949,-0.0065214158017535,-0.0068546801690498,-0.0361040227278279,-0.0020615959806595
-0.0041576807666694,-0.0156685935836527,-0.0120586831641574,-0.0076215765931579,0.0,-0.006174388640907,-0.0346707412086531,-0.0039853223377904
-0.0208762700389928,-0.0185047360875656,0.0,-0.0205118157408211,-0.0132439295146497,-0.0121698173276078,-0.0327607767165109,-0.0075779787486323
-0.0113688156101444,-0.0103736239528067,-0.0181881549142662,-0.0019308024470783,-0.0135057448427774,-0.0029064569518086,-0.0334735707797214,-0.007951984341603
-0.002995903780723,0.0,-0.006491744301432,-0.0131690408960168,-0.0109321595151323,-0.007303468082653,-0.0340033470486533,-0.0063531304044878
-0.0111314242053902,-0.0077213076136013,0.0,-0.0084163051901646,-0.0077369054462874,-0.013775733927557,-0.0301864912790293,-0.0029124387318335
-0.0131065389723508,-0.0077248162900391,-0.004492926691455,0.0,-0.009441399015486,-0.0097794109024083,-0.0394756278178997,-0.0013876124285149
-0.0067120054154652,-0.0099181585634733,-0.0039602785363968,-0.002109154593199,-0.0077247386798261,-0.0056336490053879,-0.0535824264086254,-0.0012349919415998
-0.0039187486003946,-0.0044380399205752,-0.0055242770843211,0.0,0.0,-0.0121277434607081,-0.0190028383530056,0.0
0.0,0.0,-0.0016330760516236,0.0,0.0,-0.0186000093056121,-0.0063650830770182,-0.0015146827058614
-0.0003645612954978,-0.0024934999676853,0.0,-0.0038693315278624,-0.0012762070615192,-0.0287190663348941,-0.0352674836052222,-0.0037305260343714
-0.0222944482882781,-0.003167668731089,0.0,-0.0102781576080817,-0.0072600682880845,-0.0056274283712044,-0.0374119636106199,-0.0026740201527328
-0.0175214544216828,-0.0047955118108995,-0.0160764299523707,-0.0091767984466022,-0.0013230005595716,-0.0163912286399367,-0.0390797441745633,-0.0035248629039068
-0.005119066023838,-0.0080922849444204,-0.015103147567209,-0.0078370207060212,0.0,-0.0209561458520284,-0.0402708252970523,-0.0024683570222684
-0.0101400386325361,-0.0102185734955884,-0.0268684999904658,-0.0063252899958956,-0.0131972703118629,-0.0062799115962537,-0.0434244483297633,0.0
-0.0087055887135987,-0.0044561157336109,-0.0282846248464117,-0.005224466266771,0.0,-0.0237199541606106,-0.0332907423764532,-0.0020000511138786
-0.0053889756671736,-0.0173151711297908,-0.0201759248292201,-0.0074812223598761,-0.0143453264224811,-0.0097079722663497,-0.0238661102686657,-0.0089212051423462
0.0,-0.0104354013894983,-0.0205285552380617,-0.0076811285114333,-0.0124765018559037,0.0,-0.0255759154288374,-0.0105493027894988
-0.0004323156136254,-0.0166214108895129,-0.0219631615391055,-0.0128010285651228,-0.0077837358857844,-0.0006057099060831,-0.0391582500911446,-0.0150869498530521
-0.0039169484130035,-0.0165783505648598,-0.018013090936145,-0.0069297327503252,-0.0083303234638251,-0.0021745155723516,-0.0203234435697517,-0.0043581455039836
-0.0038554972657056,-0.016681041219794,-0.0132055702661785,-0.006135605384435,-0.0078821399150806,-0.0077770759193459,-0.0277685494491196,0.0
-0.0040618746024372,-0.0172340273428953,-0.0160504291676127,-0.0102778898919036,-0.0060445417021058,-0.0008820220275089,-0.0213317463084646,-0.0019202421228583
-0.0022717053070651,-0.0167446676641627,-0.0212999683208177,-0.0139675568789221,-0.0046897039283064,-0.0130632449872773,-0.0363449850897984,-0.0022856531561242
-0.0063113635405882,-0.0141543801873842,-0.0245122444377754,-0.0141658354550582,-0.0032973184715954,-0.0223657558672108,-0.0423475156404465,-0.0037940206109644
-0.0076532363891586,-0.0112533569335858,-0.0197297624415818,-0.013542175292967,-0.0005066394805905,-0.0211930274963352,-0.037817616992162,-0.0035564104715977
-0.0013113021850568,-0.0044822692871013,-0.0158637969030272,-0.0047683715820303,0.0,-0.0198960304260225,-0.0213809338783355,0.0
-0.0031300121918302,-0.0120716635137716,-0.020618058070896,-0.0112972687929864,-0.0149417028296738,-0.0164583255536822,-0.01828175991479,-0.0087891821749503
-0.0089578097686153,-0.0066203530877753,-0.0042800107015257,0.0,-0.006873597158119,-0.0195619533769751,-0.0133174294146671,-0.0024297365194389
-0.0152139357826577,-0.0194820962835505,0.0,-0.0031452649172663,0.0,-0.0102854733720433,-0.0221325015309385,-0.0039871547661029
-0.0165547406975861,-0.0079969175127758,-0.0050123789882247,0.0,-0.0222430654279162,-0.0162652030751218,-0.0109276614068241,0.0
-0.0148211443121764,-0.0320574037762724,-0.0099583209578603,-0.0076588173697791,-0.0127127662465121,-0.0079199775889322,-0.0159903738556217,-0.0110856650148411
-0.0137777634360892,-0.0220027364801076,-0.0098825739828877,-0.0143069750729645,-0.0098985016782738,-0.0239132876142764,-0.0124151059531687,0.0
-0.0141926342621435,-0.0134068075567426,-0.0045751791427992,-0.0172701082192321,-0.0089968268114778,-0.0227430392987978,-0.0302904445803699,-0.0046694331103935
-0.0125102465972293,-0.0141543801873869,-0.0062082945078137,-0.0139627256430641,-0.0094897830142414,-0.0222703884355675,-0.0210350811430802,-0.0111257977550849
-0.0157594680786124,-0.0150680541992143,-0.0040767093499493,-0.0078558921813911,-0.008106231689452,-0.0199055671691843,-0.0303343796107464,0.0
-0.0075101852416987,-0.0102043151855429,-0.0004284083843222,-0.0165104866027774,-0.0081429114708521,-0.0225424766540475,-0.0162827516040673,-0.0049918889999389
-0.0012226635590193,-0.0073032919317452,-0.0051215550532399,-0.0142183504067295,-0.0077130344624689,-0.0294759799726253,-0.0189064763938835,-0.0095570139819756
-0.0004939502105114,-0.0218791421502806,-0.0159337857136648,-0.0166330137289994,-0.0024839447667951,-0.000154681038106,-0.0082208719906508,-0.0059997983044013
0.0,-0.0237736307073848,-0.0130105766645919,-0.0161390774782948,-0.0049201300074209,-0.0156737332597369,-0.0032084605474832,-0.0162896013191409
-0.0061638735309634,0.0,-0.0119811553732132,-0.0168267707039416,-0.0183183288180893,-0.0245144859120343,-0.0296745075846021,0.0
-0.024115286014935,0.0,-0.0137084465249779,-0.016837932665184,-0.0092648667948884,-0.0009104713633449,-0.0037434662010931,-0.0076574420974607
-0.0145552031670877,-0.0382766890833968,-0.0107716766007867,-0.0121612078610456,-0.0012053934864161,-0.0121354098066581,-0.0173350175865238,0.0
-0.0240874651353806,-0.0304597851936701,-0.015477862082964,-0.0055875978432515,-0.0022110672524327,-0.0014284183271171,-0.0218595676505575,-0.0020575535017997
0.0,-0.0291150572593317,-0.0043555834660451,-0.0103864469565371,-0.0065187207208216,-0.0078699062578322,-0.0168963128756699,0.0
-0.013935817035549,-0.0233247112919686,-0.0100154432646287,-0.0123959057863994,-0.007047557328635,-0.0200510983720414,-0.0114073677744252,-0.0074213631932618
0.0,-0.0245553945570591,-0.0095820684210039,-0.0029508094002301,-0.0156773845572721,-0.0074341789051983,-0.0121244862023455,-0.002236928935254
-0.009043048933512,-0.0252144838303903,-0.0130974989160304,-0.0144060631583485,-0.0113922941161028,0.0,-0.0024061438150525,0.0
-0.0219606793971081,-0.0226304698298561,-0.0106375661500425,-0.0054378039303824,-0.0108430060493298,-0.0188969607099785,-0.0050306731721606,0.0
-0.0191426836400008,-0.0291063618351812,-0.0239132596047577,-0.0017147534426507,-0.0081479507706426,0.0,-0.0124235975363234,-0.0017660260068984
-0.0101258048262531,-0.0269991849928501,-0.0095323978836916,-0.0127736548592159,-0.0081947091516235,-0.0036767020985579,-0.0059882677376188,-0.0005297064386641
-0.0172446480546056,-0.006677439305244,-0.0036302945042064,-0.0099237938712404,-0.0073666881074269,-0.0077292427256501,-0.0196350325374041,-0.0043219393889802
-0.004889909133436,-0.0102923083613504,0.0,-0.0081080920163216,-0.0043438072824753,-0.0056027407392759,-0.024166988671662,-0.0076155728236756
-0.0025587272830303,-0.0182110306923271,-0.0010614294296826,-0.0039186677895441,-0.0021010279082331,-0.0215986301191102,-0.020108744456374,-0.0073303068009226
-0.0130338477902112,-0.0117403033073056,-0.0009576779120828,-0.0058564939536114,0.0,-0.003721422981466,-0.0037016179122998,-0.0104024460461987
-0.0030732714085557,-0.0074996781041025,-9.00008023317911e-05,-0.0092964642580839,0.0,-0.021624660994113,0.0,-0.0077335048858251
0.0,0.0,-0.0032651358069602,-0.0055734137703531,0.0,-0.0214055076405513,-0.0003365707945286,-0.0031603465169591
-0.0033518696242169,-0.0014550245624227,-0.0044536656914497,-0.0036772270987839,-0.005079429662327,-0.0221201881602215,-0.0049086379457052,-0.0100533401779682
-0.0096208858626947,-0.0187538318111309,-0.0073903821169767,0.0,-0.0124719971511322,-0.0219010348066599,-0.0113319015320317,0.0
-0.0082605075699224,-0.0236548729465578,-0.0212943531811756,-0.0002760174401119,-0.0090165854435451,-0.016436672712864,-0.0115562820617174,-0.0128300931621028
-0.0102379893845721,-0.0204496823925315,-0.006588094753187,-0.0065500982187738,-0.0122369601035304,-0.0243237510487555,-0.0170258713316376,-0.0235175578736364
-0.0097891712599591,-0.0257439173083926,0.0,-0.0204110694346213,-0.0178506579162987,-0.0121638282969415,-0.0187369155335959,-0.0037095497298378
-0.0131971645492182,-0.0249229125453823,-0.0181043170153521,0.0,-0.0096271391183561,-0.012421512101583,-0.0232528304871098,-0.0101066994237915
-0.0056433782447129,-0.018390735931459,-0.0186671513802105,-0.0153217818781974,-0.0147540214749158,-0.0150659610517301,-0.0229930737987156,-0.0050576927517264
-0.0004362955223768,-0.0070157439040456,-0.0153447490447397,-0.0201330476556825,-0.0041534289309169,-0.0134012172929924,-0.0170612474903462,-0.0291154547074364
0.0,-0.0166960306690287,-0.0082781888783481,-0.0016171219475498,-0.0183405142948407,-0.0241518979325925,-0.0144173050109364,-0.0183459206064903
-0.0069842719757822,-0.0030004226345339,-0.021705322784344,-0.007414365568009,-0.0024881949686578,-0.0024750724598904,0.0,-0.0181895963142641
-0.00875135424492,-0.0183082378726611,-0.006442970710826,-0.0045860362467475,-0.0033343433528698,-0.0194022163584672,-0.006218945565126,-0.0125716967577018
-0.0067318153472646,-0.0069968156291819,0.0,-0.0079990940761911,-0.0036948825325509,-0.0063084597334213,-0.0200111416160165,-0.0127748145454588
-0.002808577846735,-0.0195381253433842,-0.0261549848801178,-0.0099871661707933,-0.0031008179286915,0.0,-0.0137662697982572,-0.0253739830868465
-0.0012445379979899,-0.0148388535308146,-0.0070969563239441,-0.0090763860498408,-0.0025149213852556,-0.021694587846835,-0.0199869890431204,-0.0227339864618198
-0.0020861625671377,-0.0173561275005301,-0.019570812582965,-0.003906587759638,-0.0028761332766671,-0.0262814775162801,-0.0185200146266387,-0.0184101347512999
-0.0076889991760245,-0.0031627714633901,-0.0096131116151762,-0.0039711594581444,-0.0022862024976709,-0.0156224986985734,-0.0180261475699284,-0.0145695344229371
-0.0190210412256411,-0.0180778115463869,-0.0039671558624784,-0.0021392212753634,-0.0036016565071669,-0.0121035906935195,-0.0170360103116498,-0.0109632806012278
-0.0136423041112714,-0.0086101681517862,-0.0111351710074765,-0.0007516039962087,-0.0139840627696322,-0.0267436236069555,-0.0182499393953803,-0.0374146742602635
0.0,-0.0201978035495822,-0.015035865479757,-0.0020244203535067,-0.0114843301411193,-0.0084374935315564,-0.0151045091059414,-0.0252252425828928
0.0,-0.0150852643627442,-0.0012832813681749,-0.0037685481292397,-0.004694537560715,-0.0177951350262843,-0.0226978221001914,-0.0015956821730904
-0.0094666099822249,-0.0332541025500901,-0.0203532046852821,-0.0048145207183791,-0.0112652984831205,-0.0186209960183561,-0.0289368301738033,-0.0213799466496419
0.0,-0.0085912398769239,0.0,-0.0067374624284388,-0.0082909183034366,-0.0284571737629804,-0.0098272623086783,-0.0330390990491443
-0.0033998512662947,0.0,-0.0152696866280118,-0.0068181858902294,-0.0072231485580441,-0.0115850035258136,-0.0155033194459973,-0.029438343858697
-0.0030374503694474,-0.0221553236769945,-0.003364215444885,-0.0054305686110747,-0.0042561336315113,-0.0329055540961101,0.0,-0.0344398667969629
-0.0064969062805175,-0.0146590173244447,-0.0120233744382811,-0.0059828162193102,-0.0179721994005263,-0.0060283860739294,-0.0003762543201444,-0.0255993977141726
-0.0066161155700683,-0.0128634274005863,-0.0120792537927581,-0.0050937136014108,-0.013571074966454,-0.0301868436391513,0.0,-0.0224875879051605
-0.0129365944303572,-0.0168112128449116,-0.0221689242607636,0.0,-0.0048766810243402,-0.0281080120916449,-0.0104316750366695,-0.0446448087923023
-0.0011301017366349,-0.0154498011397644,-0.0146741967910157,-0.0128414127781484,-0.0171700920619091,-0.0117636038322403,0.0,-0.0243800074482521
-0.0093590990671876,-0.0227459021137326,-0.012256798917105,0.0,-0.0094292266556698,-0.0297088461425882,-0.021966925901107,-0.0365245704928359
-0.0042354392914065,-0.0176333629268948,-0.0123324923934137,-0.0087057995381338,-0.015995065299206,-0.0185751804274245,-0.0312704790888225,-0.0372293029088643
0.0,-0.0205434120517412,-0.0091102785645248,-0.0206594221211707,-0.0216161600924829,-0.0265662741436817,-0.0244896660985505,-0.0408159039839491
-0.0064662728036459,0.0,-0.0052520654856578,-0.0054758307806936,-0.0262756687351484,-0.0249731349084812,-0.0209186160147816,-0.0420011102726184
-0.0182424575979852,-0.0049128395724382,-0.0067685741669228,-0.0241532034124066,-0.0205634286115435,-0.0312435452135494,-0.0193574705917821,-0.0288806845472093
-0.0033255821070914,-0.00716937253909,-0.0122676592582104,-0.0055994484379402,-0.016528043145063,-0.0394669329276711,-0.0133803805510946,-0.0343753577257996
-0.0055650969350196,-0.0140073046776767,-0.0216519810498271,-0.0066338462161375,-0.0178502562950904,-0.034059225294191,-0.0188525832115911,-0.0412859726358235
-0.0044682593493317,-0.0147580482816532,-0.0155287914694953,-0.0133847641530047,0.0,-0.0272296621936126,-0.0009764183817289,-0.0529693563867654
0.0,-0.0197425225765693,-0.0193399257241027,-0.0038807146169013,-0.0047711086702898,-0.0600284469294108,-0.0094543944539569,-0.0594277202594008
-0.0037164391410278,-0.0090491743836707,-0.0189387820422083,-0.0154000041357998,-0.0165865746995226,-0.0279315074914177,-0.0144664132178447,-0.0482270352308635
-0.0083420127897491,0.0,-0.0252133585751578,-0.0102299931175889,-0.024587965671291,-0.0401831173355586,0.0,-0.0413200173499518
-0.0039078264128928,-0.0110274987498269,-1.66826667010733e-05,0.0,-0.0173311897887198,-0.0295492371551928,-0.0068474758921044,-0.0573033157865876
-0.0075910232855733,-0.0193498331521653,-0.0124108857689648,-0.010814721625775,-0.0239113148547289,-0.0275488516463551,-0.0143717776479266,-0.0518486226196126
-0.0066142703979394,-0.0067491363264542,-8.88131319924934e-05,0.0,-0.0123643025368407,-0.047915162769659,-0.0031713330329081,-0.0592532636506531
-0.0063515711569854,-0.003215860274123,-0.025447179723414,-0.0128779914424029,-0.0170294120479616,-0.057788046487522,-0.0086435356934049,-0.0614127681037988
-0.0086022055139034,-0.0144130899570838,0.0,-0.0071988397394218,-0.0150264367867416,-0.0486322129028806,-0.0061235150496903,-0.0635896385712968
-0.017995929778172,-0.0189860455942057,-0.0014655780655278,-0.0063258888848074,-0.0311370138669307,-0.0575577703056906,-0.0082578576027654,-0.0667074381122122
-0.0345438845577219,-0.0245051607802138,-0.0115492915696305,-0.0159378297708939,-0.0191159159352259,-0.0550485938379514,-0.0094551791010282,-0.060769880256292
-0.0201085575094371,-0.0169727426193742,-0.0006101163974178,-0.0007117953287867,-0.0400049531144475,-0.0530657146520966,-0.0088730653507525,-0.0629573486943658
-0.0357033807555867,-0.0135513408218013,-0.0130781466406664,-0.0141385656411113,-0.0289389566944623,-0.0585503258930221,-0.0095931513902496,-0.0689454894238845
-0.0183955103204074,-0.0109711168881674,-0.0107691157609216,-0.0042052512677983,-0.0255022358695015,-0.0623643929325026,-0.0164972443599225,-0.0787489636494466
-0.0235086607907991,-0.0138244153383849,-0.0122382771223774,0.0,-0.0187348923359101,-0.0637179182826685,-0.0182671647053185,-0.0671109685983781
-0.0324288542789928,-0.0176742709348301,-0.0185070532704485,-0.0068069260062726,-0.0305594021332449,-0.0717173358287733,-0.0179154957144079,-0.0945643510124355
-0.0284773982806266,-0.0131655277445877,-0.016659435237284,-0.0175595535418025,-0.0256971764788897,-0.0734133250325503,-0.0202173420061198,-0.0686182818448889
-0.0321530137122268,-0.0048567410832332,-0.0186371908057467,-0.0049428897909789,-0.0303706377444254,-0.0801088526862969,-0.0166454592545036,-0.0960767000632671
-0.0215320788125957,-0.0093782505513504,-0.0172448053490356,-0.0047369045205369,-0.0350504317404134,-0.0781397765377211,0.0,-0.0839717135511049
-0.0199619730968943,-0.0106133460810509,-0.016366739259374,-0.0035622520501505,-0.0235121321237721,-0.078996684297985,-0.010537735265427,-0.098558856676788
-0.0160094922843934,-0.0032578579955748,-0.0183442210740237,-0.0042971382305396,-0.0382016349492037,-0.0770024561146992,0.0,-0.0907392558785388
-0.0297110151306603,-0.0077654951322887,-0.0107428455763635,-0.0002804984881965,-0.0238119626045077,-0.0712409292110335,-0.00271829240466,-0.0981955789715946
-0.0224215845398317,-0.0147151217929067,-0.000799398435935,-0.0019690589849918,-0.0361189553296933,-0.0816531236630522,-0.0094024686507481,-0.105640162309667
-0.0442183468182737,-0.0140428686897947,-0.0108885869849454,-0.0036554294638242,-0.0326902882122024,-0.0691761597651828,-0.0041419354436742,-0.105456302727659
-0.0474282592949338,0.0,-0.0099730386864374,-0.0125093501992426,-0.0416663478882049,-0.084874500576908,-0.0057199239646159,-0.108148500761072
-0.0409747216429976,-0.0145470394807674,-0.0272095203399638,-0.0122904777526749,-0.0287035125832806,-0.0914853306780519,-0.0233704393560223,-0.110832875348094
-0.0333322665698306,-0.0047929146710541,-0.0172555446624735,-0.0095725059509166,-0.0357704465214901,-0.107171349212081,-0.0005364418029771,-0.097787883323055
-0.0389199525025297,-0.0041134361013313,0.0,-0.0056581455282747,-0.0495122995014582,-0.100440382840707,-0.0124649112959461,-0.109061067692435
-0.0325951253629706,0.0,0.0,-0.0078363460488497,-0.0499086268542804,-0.103758760374641,0.0,-0.11748590944365
-0.0520109135425475,-0.0127310640483687,-0.0141017627579087,0.0,-0.0417169375963794,-0.105019409087477,-0.0135507381918456,-0.101583415066079
-0.0442488984978038,0.0,-0.0141718959397459,-0.0212248573467444,-0.0526005028791632,-0.107482381849984,-0.0073603111664493,-0.109050499385026
-0.0589089982656621,-0.0002229781513751,-0.0275513554030233,-0.0076714744403392,-0.0677829032321378,-0.108440167188416,-0.0085053615519417,-0.123685326585755
-0.0482871676764955,-0.0064281811835145,-0.040496091856345,-0.007929523462526,-0.0424287013809926,-0.120807709824201,-0.0070833061085768,-0.120667818712928
-0.0467245709640214,-0.0093003603979002,-0.0038552389014491,-0.001032825093703,-0.0518837554865695,-0.121254592525855,-0.011359516065566,-0.128142167429962
-0.0463636167118757,-0.0197688248590551,-0.0186753168236444,-0.0027341884560749,-0.0642062545815113,-0.125913069244416,-6.29013150235114e-05,-0.122278341821814
-0.0469480744657813,-0.007382215010941,0.0,-0.0022747917229941,-0.0493445150602834,-0.130304473174713,-0.0124453429614657,-0.124990242680605
-0.0533161421465322,-0.0154947666758929,-0.0059464549607421,-0.0008639106914705,-0.0678631346469348,-0.131249153360559,-0.010546450359898,-0.135812859843247
-0.0576682008678902,-0.0025892825489557,-0.0012061024123009,-0.0044766654803782,-0.0511027085855073,-0.142726739103888,-0.0131220122199998,-0.144265201062834
-0.06230909678074,-0.0064102997900794,0.0,-0.0061652259771749,-0.0724842929259675,-0.136053035208825,-0.0131304682512445,-0.14031187591435
-0.0531224203367902,-0.0026019224999533,-0.0161283206802723,-0.0159600181634243,-0.0590577476382087,-0.16419407413864,-0.0163575751003604,-0.142560463018671
-0.0587184010282282,-0.0154828457469367,-0.0076153850144533,-0.017648578660221,-0.0604141371753559,-0.159915816586693,-0.0169620775793591,-0.15005728805939
-0.0814908976563189,-0.0073457332020308,-0.0128886127882778,0.0,-0.0722675685471657,-0.174752044640248,-0.0223986623886796,-0.133725277959468
-0.0746905679416034,-0.0130740990759675,-0.0196344661849588,-0.0172278480474883,-0.0850700375482164,-0.194803982231795,-0.0123935380976588,-0.143612389607702
-0.0655055694205429,-0.0030716750188692,-0.0125575170386569,-0.0065164524130412,-0.0749846246198725,-0.170034683748451,0.0,-0.143010947704215
-0.0701580341983381,-0.0168779995874462,-0.0121188058983522,-0.0120325130410386,-0.0539377662638988,-0.173434816576271,-0.0114477152237669,-0.143851331670709
-0.0700344605027561,-0.0078292498467544,-0.0050418567520502,-0.0022747917229977,-0.0905844107171159,-0.192546374358401,-0.0239820814748994,-0.137057158364319
-0.0762309809883139,-0.0178491501445193,-0.0189402675217782,-0.0001486549541698,-0.0552303584949606,-0.188780129461366,-0.0465546657503821,-0.1579238279587
-0.0841065197825841,-0.0178182692890667,-0.0051400089674776,-0.0156823386981562,-0.0785334615214628,-0.184694849063254,-0.0504816959439538,-0.127780568369425
-0.0806486648216593,-0.0152019848944487,0.0,-0.0130793647711256,-0.0832357700487195,-0.176053176537201,-0.0341920518258818,-0.152944962056782
-0.0781452903821866,-0.013062537658034,-0.0224464130264649,-0.0076153678948758,-0.0874622674352814,-0.18136516517985,-0.0388832426687471,-0.149979066643783
-0.0756427221477598,-0.0121151833171269,0.0,-0.0226553688213609,-0.103610719794429,-0.217677743396963,0.0,-0.157983529103084
-0.0774415624925486,-0.0197136969929246,-0.0153920078688455,-0.0119630088641762,-0.0925853343972443,-0.203482463701574,-0.0057875758174581,-0.159322976201161
-0.0801858481969893,-0.0068454136969395,0.0,-0.00697584914613,-0.0848939910529614,-0.217396227954441,-0.0214265335190138,-0.160657935316894
-0.0824529826600766,-0.0135322901769512,-0.0136283342726528,-0.0024633365683239,-0.079587269098548,-0.230835717280093,-0.0365590482639768,-0.15150469321714
-0.0809141423600308,-0.0130334999994348,-0.0117552971156933,0.0,-0.0952665203935565,-0.249075878009903,-0.0175619691920776,-0.16191100666773
-0.0833021751343206,-0.0099452147362824,-0.0113499759961982,-0.0028550470375496,-0.0680273617443534,-0.238209457332972,-0.0346018325698534,-0.143227241153982
-0.0878379782253258,-0.0054215817088523,-0.008078197438465,-0.0128566755364767,-0.0951492761140066,-0.241181537078721,0.0,-0.155541894408524
-0.0820120984356336,-0.0077748866444156,0.0,-0.0047761264804799,-0.0908053476579793,-0.245618297718142,-0.0041654487726732,-0.153560698141367
-0.073317397753468,-0.0015823235632745,-0.01293692992828,-0.0119167320301887,-0.100286365183513,-0.251464414536497,-0.0154551790912161,-0.153960632429771
-0.0765434007315393,-0.0013550612493411,-0.0077632372267537,0.0,-0.083541841155043,-0.251591661469118,-0.0233577738981685,-0.154839793673756
-0.0869303656082705,-0.0007966664270495,-0.0168574547084662,-0.013347083944736,-0.0949354248943215,-0.257232384001813,-0.048287009121849,-0.155369270000037
-0.0892054935193347,0.0,-0.0178774197896313,-0.0152423332719964,-0.0963132863861146,-0.262382775301332,-0.0166594982147203,-0.156612864815855
-0.0843310886015924,-0.0008657574653623,-0.0083963076273591,-0.0147630106221297,-0.0857722902842051,-0.263493228949187,-0.026136636734007,-0.156072736194213
-0.0880385398307963,-0.0035752120311369,-0.0046479011264931,-0.0161814647382177,-0.0962121729400559,-0.259835731896033,-0.0140594493132067,-0.153150289694618
-0.0912762920146497,-0.0014971432392481,-0.019464164506643,-0.0105953784752697,-0.0866288263202916,-0.277660905981358,-0.0194383610505591,-0.150711133770756
-0.087355099148827,-0.0032560528037988,-0.0252577264437887,-0.0075984378791398,-0.0985007916820139,-0.270675846843206,0.0,-0.148271033613148
-0.0777138235215002,-0.0073958935493365,-0.016263901987618,-0.0037719531241733,-0.0898702866754408,-0.280270756094014,-0.0248024085881644,-0.141543040302433
-0.0776181739284865,-0.0153253970390415,-0.0005525551250101,-0.0123808885848109,-0.0912579622730881,-0.287749221363906,-0.0116756340143702,-0.137206060943993
-0.0770386122313911,-0.0061137973548919,-0.0225531459520426,-0.0171375426630052,-0.090378115075618,-0.285079151359439,-0.0139054583270541,-0.137159862309729
-0.0778894595915469,-0.0097800555522551,-0.0040280128208289,-0.0080610703025354,-0.0887835990638892,-0.284797369062958,-0.017993355868382,-0.135685764804244
-0.0770791995591655,-0.0043641266529448,0.0,-0.0066475067153253,-0.0916038175220227,-0.286090789533166,-0.0228954304475315,-0.126111202974249
-0.0762638880898039,0.0,-0.0198642412821442,0.0,-0.0860778265591733,-0.288566994661943,-0.0275075435638406,-0.15039264502009
-0.0771203803157043,-0.0091955065727229,-0.0032305717468252,-0.0214155365597986,-0.081030517435536,-0.285929272188656,-0.0021755695342997,-0.127947765966993
-0.0856052503996678,-0.0186623321496875,-0.002343188195178,-0.0051913940112045,-0.0828975604577487,-0.288538705294004,-0.0034498225431869,-0.136022813990457
-0.080745302503596,-0.0100134624517516,-0.0100068942022812,-0.0104537350897238,-0.0876289266967777,-0.294984003842766,-0.0279022206086648,-0.125505781933197
-0.0844626678730878,-0.0008829662022598,0.0,-0.0023312326879056,-0.0856828735646173,-0.30618780686955,-0.0076714230816332,-0.130248531690723
-0.0857977309923106,-0.0194097247176208,-0.0187275606383345,-0.0051809295803479,-0.0865992311410232,-0.307387383809445,-0.0118085960271299,-0.108291613478797
-0.0836839116067696,-0.0036095890946328,0.0,-0.0152208277077803,-0.0837046719350378,-0.296213360864894,-0.0206163307306799,-0.105412580135646
-0.0813253021620457,-0.0283352306666345,-0.024063130286353,-0.0223621838039922,-0.0808082981501198,-0.300287796770004,-0.0195082949359424,-0.11302535802765
-0.0831390027365881,-0.0177742229425335,-0.0184126004266238,-0.0151936089009337,-0.070760002876778,-0.295307217707021,-0.0097679148893798,-0.11587251496825
-0.0778073424476822,-0.0057874931371757,-0.0022344485235708,-0.0133037448109365,-0.0727551056608097,-0.303222095346097,0.0,-0.10513341936261
-0.0901132634216932,-0.0133462974247935,-0.0051669875114978,-0.01614889034281,-0.0702189223552686,-0.29110281130855,-0.0009173950891052,-0.0943963976803042
-0.0862085390508092,-0.0232899870924985,-0.0009415346373585,-0.0113695977092769,-0.0692337506553661,-0.272793605575078,-0.0137194399059875,-0.0972521647620407
-0.0863646857752252,-0.0093972001023232,0.0,-0.0071047688113901,-0.0682518728966731,-0.283115601022779,-0.0021353956042664,-0.115846527881011
-0.0855611875089166,-0.0055126121821376,-0.0097899654179033,-0.0136505135819891,-0.0644075607743912,-0.28532423757543,-0.004923860098883,-0.0977270182387803
-0.0835664805872953,-0.0001975127873425,0.0,-0.0166200618435446,-0.0634251964781831,-0.285155599889056,-0.0115270218591248,-0.108697310353065
-0.0740624726641699,-0.0120485510878601,-0.0088565492622389,-0.0194704829930292,-0.0839014291779704,-0.277483688512973,-0.0271900896252257,-0.0791391791262079
-0.0624201630303312,0.0,-0.0141111071912101,-0.0152059573474532,-0.0657568272588448,-0.273406871972179,0.0,-0.100604661060314
-0.064719624288079,-0.0090531280817964,-0.0150749105879873,-0.0171028776718938,-0.0876653859699834,-0.266106378201099,0.0,-0.0877412077969978
-0.0765558617870583,0.0,-0.0074557465268287,-0.0056435731222546,-0.0685665955579693,-0.277408062602543,-0.0022115164028946,-0.0915698595471935
-0.062172606959755,0.0,-0.0088957943565509,-0.0028008068886866,-0.0661596506849385,-0.262976608457246,-0.0094858951342757,-0.0944463510960711
-0.0468308418495724,-0.0006176670411375,-0.0065218390356268,-0.0161372210736932,-0.065182429195191,-0.273338334466883,-0.0063390745221856,-0.0944655346870384
-0.0515179197151683,-0.0044756054935297,-0.0065319681159977,-0.0156503286232836,-0.0637294809754723,-0.241746577476643,-0.0056359808144814,-0.0897187713259685
-0.0537086350902862,-0.0029749751033936,-0.0146475489941877,-0.0213998994064761,-0.0637095538082807,-0.248794193601541,-0.0034835298361533,-0.0811579877245405
-0.0647154810369597,0.0,-0.0179955381819806,-0.0051775795299313,-0.0571323007205506,-0.236289541540086,-0.002303598970246,-0.0921519226208535
-0.0517620732732331,-0.016174470233894,-0.0189593427912405,-0.0223339057295271,-0.050317451753513,-0.261461782917324,0.0,-0.0673855553182946
-0.064081921614568,-0.0022702777046088,-0.0280293707892857,-0.0051584584452575,-0.0507752100800998,-0.248970734408585,0.0,-0.0750465697219853
-0.0683021504771737,0.0,-0.0089652442810368,-0.0128152483237378,-0.0546922150121368,-0.23077087589569,-0.0005308950615019,-0.0669718163832276
-0.0615500708126189,-0.0023625295318556,-0.0204194651582829,-0.0075606033028781,-0.0569397024458761,-0.238320369104078,0.0,-0.0479348195775221
-0.0562286144889381,-0.0020474544726309,-0.019476011705893,-0.0208983135363874,-0.0607375440295125,-0.239677054028755,-0.0057074939832089,-0.0794453019890782
-0.0575886484282693,-0.0004857429303228,-0.0132866747056422,-0.0142413545597497,-0.0538083874738895,-0.231984932455313,-0.0074889743700619,-0.066609545151294
-0.0603749721125737,0.0,-0.0013759678259245,-0.0061215581749358,-0.0487862669941425,-0.20665200373235,-0.0126710228010141,-0.0704681420875087
-0.0488576204134248,-0.0036484105290137,-0.0080618195461048,-0.0131458012905346,-0.0487718315203899,-0.20421447598031,-0.0021729282080509,-0.0767128628450812
-0.0526053983931414,-0.0081275928953745,-0.0147468900688126,-0.0175850165060831,-0.0516202011136025,-0.207509154405495,-0.0053856263267984,-0.075326723444799
-0.0482421207393544,-0.0064968018770632,-0.0071276246179337,-0.0147152378998139,-0.0488654051776435,-0.219866694846874,-0.0093133413032686,-0.0567803835915618
-0.0548461223030756,-0.0043871689492569,-0.0161977610938848,-0.016251463985915,-0.0473032834161549,-0.190268776157851,0.0,-0.0525418827081484
-0.0552567854959671,-0.0075364693078534,-0.0095315772341539,-0.0171058134454354,-0.0477692109188148,-0.20121036749188,-0.0057872530305758,-0.0573617189682589
-0.0508956289653517,-0.0082897869023392,-0.0124027331670101,-0.024160379130254,-0.0482351117073305,-0.181639061898087,0.0,-0.046928056588633
-0.0446291957674227,-0.0076165253465805,-0.0071674585342382,-0.030449733410995,-0.0434566871042901,-0.164458764076802,-0.0066161155700683,-0.0631982724050798
-0.0350242455468881,-0.0112308658902851,-0.0071775915178756,-0.0328255852711048,-0.0372482017798051,-0.197829379744983,-0.009465089533478,-0.0508614997756205
-0.0373448695687606,-0.0172411891981008,-0.0038492677655668,-0.0180639807604619,-0.0377165920469943,-0.189721476783756,-0.0012637465260922,-0.068563763401992
-0.0134354803616408,-0.0117936961628728,0.0,-0.0170975538108262,-0.0477217194939505,-0.186864908469655,0.0,-0.0347739045936382
-0.0534236030284316,-0.0168386253594055,-0.0029159529996233,-0.0234078730093077,-0.0419919193595739,-0.151112841560759,-0.0248303705565149,-0.038655526177296
-0.024276017116128,-0.0103356740540979,-0.0054286972689267,-0.026656181472696,-0.047707341192137,-0.144929537479762,-0.0006804174073522,-0.0511168222747843
-0.0490066126365039,-0.0050093950597127,-0.0091343143253721,-0.0318938729140541,-0.0286272558341196,-0.157350340725333,-0.0159624320231539,-0.0488033712362964
-0.0379743873829093,-0.0076681337139381,-0.0100982191118701,-0.0294974536149915,-0.044356773457375,-0.154995608727284,-0.0173352600540966,-0.0445851502576988
-0.0460206195918398,-0.0079564111233163,-0.0091540811505768,-0.0180744313720567,-0.0319538217514198,-0.154075043007998,-0.014493620255962,-0.0518077564303593
-0.0249765963424273,-0.0104978680610641,-0.0077337026596049,-0.0156829289334346,-0.0267036058812609,-0.148394028113488,-0.0079572200775146,-0.0409166606806006
-0.0230078756563237,-0.0128048387440756,-0.0096509853998801,-0.0190231054628622,-0.0333749300012584,-0.140333987978243,-0.0061094760894775,-0.035271040422056
-0.0281910418482014,-0.0135581563385616,-0.0153831642819551,-0.0185392194912186,-0.0362319576796802,-0.130850340747227,0.0,-0.0444106238154036
-0.0381467377369615,-0.0114622479569244,-0.0177768864280838,-0.0238059922097786,-0.0262150596661913,-0.142826650271865,-0.0150329316966233,-0.0387651218979868
-0.0357009717541743,-0.0122136379783373,-0.0039588393102849,-0.0280860856006653,-0.0438549203840183,-0.130017212578434,0.0,-0.0388488506111487
-0.0280111298828027,-0.000569266637761,-0.0025384569160467,-0.0228344088434342,-0.0266861488640761,-0.124365497524221,-0.0145713469239155,-0.0284429614219205
-0.01889588004315,0.0,-0.0192371066418932,-0.0238189502352686,-0.0300219565635966,-0.112514691222747,-0.0004967072753025,-0.0161246347840872
-0.0193132435180969,-0.0223132426220565,0.0,-0.0171370282273675,-0.0262054458908314,-0.115457327633111,0.0,-0.0433919568427793
-0.0092400587499696,-0.0102895980490187,-0.0206879776669656,-0.0285702191678934,-0.0238198108432108,-0.106962323890121,-0.020062283147126,-0.021070582085022
-0.0191985031943729,-0.025517345235837,-0.0049618878013756,-0.0181021171108662,-0.0231035535479095,-0.109433749083455,0.0,-0.0302157177116508
-0.0121064294094375,-0.0216002644765023,-0.0164162100683425,-0.0147536228940055,-0.0219107250524154,-0.0995191606107215,-0.0143779642334274,-0.0274475121996907
-0.0143136897164913,-0.0196013338934489,-0.0188105249397294,-0.0238078606006287,-0.0204798274839033,-0.09390058166316,0.0,-0.0180040645956804
-0.0056777089741171,-0.018637016911357,-0.0235882457104977,-0.0262236516110335,-0.013804030051207,-0.104968207416207,-0.0007435743634127,-0.0076009650967752
-0.0208795628213139,-0.0133012217939972,-0.0088164228865721,-0.0233572265880637,-0.0176189460922951,-0.105082228230966,-0.0195994994582145,-0.0229556623639539
-0.0336975879156789,-0.0198870184813185,0.0,-0.023828794263828,-0.0121358031297816,-0.0937573044167175,-0.0060304977952034,-0.0249601468819846
-0.0217204378216653,-0.0259966408600398,-0.015764337686013,-0.025373378136861,-0.0099907858560491,-0.0924511080926009,-0.0201180513079739,-0.0179059530746953
-0.0111784261031949,-0.0188358873379206,-0.018202904911056,-0.0276704491477471,-0.0071306658710231,-0.0852987123383686,-0.0058695738140963,-0.0240774768632882
-0.0187522455099582,-0.0135030721490392,-0.009638977040273,-0.0267119015608412,-0.0228674987290588,-0.0760155205207069,-0.001837315315148,-0.0262046951728965
-0.0186964083180847,-0.0181744245168676,-0.0096536425049325,-0.0238413169218883,-0.0018880770951886,-0.0790172037843733,-0.0105820217868313,-0.0272611274251511
-0.0210288142294264,-0.0071823611062169,-0.0063619019939678,-0.0195733438030898,-0.0266851046048654,-0.0771263077740477,-0.0052132090786472,-0.0236624215535051
-0.0286029134490513,-0.0271146453808988,-0.0168672443949439,-0.0143188336206306,-0.0233490015785055,-0.0702432305850816,0.0,-0.0207870040306557
-0.014720144497171,-0.0122493727166617,0.0,-0.0133608065287438,-0.0161983383507803,-0.0832713970735809,-0.0190927743797611,-0.0204149408198414
-0.0060869810736097,-0.0298900826056723,-0.0231408389534153,-0.0112478539850223,-0.0095244725065136,-0.0624365381361972,-0.0227735281104728,-0.0110949513117991
-0.0069866000127263,-0.0155042733984749,-0.0164851929723854,-0.0114225709993097,-0.0052350620546877,-0.0502015149403565,-0.0145212094027094,-0.0001150761020876
-0.0112237238297301,-0.0368723989982196,-0.0117325871481944,-0.0109965561822478,-0.0133435172124698,-0.070397578023895,-0.0214021187275644,-0.0030845973800772
-0.0097426632310442,-0.020642541715161,-0.0117798764956568,-0.0142245893228927,-0.012391987003347,-0.0414720943850012,-0.0114996451884504,-0.0070012016917747
-0.0120732806709427,-0.0262880384275548,0.0,-0.0176926516810814,-0.0128711400507797,-0.0621519918341724,0.0,0.0
-0.0086830496976459,-0.0114513867288588,-0.0156452725479714,-0.0167446286519488,-0.0038135428587233,-0.0608982176918629,-0.0224113464355467,-0.0262913188239758
-0.0129212768114406,-0.0232992494086361,-0.0061299306343841,-0.0334302717884487,0.0,-0.0591753626029984,0.0,-0.0202028839714448
-0.026699487159547,-0.0147052161427623,-0.0219141062164845,-0.0286866466683744,-0.0302117705966032,-0.0598296471881977,-0.0013906974345445,0.0
0.0,-0.03179211522175,-0.0143024973970133,-0.0162808403235362,-0.0047266074339315,-0.0544211511255854,0.0,-0.001823538652865
-0.0261159793183114,-0.038400790960146,-0.0071726890437445,-0.016754563107118,-0.0150063400426808,-0.0463921414835341,-0.0150980034646033,-0.0162408693743104
-0.0046093917728566,-0.0398447767322572,-0.0224896136104091,-0.0183382310471787,-0.0047982965946872,-0.0522990172035406,-0.0147432606243452,-0.013483881857815
0.0,-0.04359660765621,-0.0139302121518508,-0.0220308376610703,-0.0231842608928896,-0.0455889430237535,0.0,-0.0162196979959183
-0.0082764599937943,-0.0454331968404511,-0.0158572101577797,-0.0182085729533203,0.0,-0.0407919863340641,-0.0099452729530942,-0.0189570708909077
-0.008627417264506,-0.0435266799746978,-0.0230609095693582,-0.0206181629084492,-0.0213425994540239,-0.0428983369285109,0.0,-0.0162034167228801
-0.0101625919342037,-0.0344103297263676,-0.0040124775484387,-0.0187080833582907,-0.025423367818195,-0.0269007455374118,-0.0021609663963317,-0.0089268529060067
-0.0091373920440664,-0.0390252560893765,-0.0216899296592306,-0.0115623176726185,-0.0242630640665672,-0.0399894904557818,-0.0019529461860656,0.0
-0.0087056134361764,-0.0395698655758061,-0.0074110516563619,-0.0182355285040252,-0.0064093231533946,-0.0282903747126607,0.0,-0.0017633814993782
-0.0090565707068879,-0.0386262665144721,-0.0160474453305447,-0.0010952039265026,-0.0009657582268098,-0.0203959585497979,-0.0010092509910464,-0.0142696118554253
-0.015120411558319,-0.0519217668674778,-0.0251304999813346,-0.0301753586153986,-0.0098128704547634,-0.027778895673679,-0.0014172951646715,0.0
-0.0149867076974202,-0.0523553618654944,-0.030404009782256,-0.0120535331349396,-0.0110326970576535,-0.0404079365116004,-0.0362953425252648,-0.0092564667771907
-0.0091412525076553,-0.0490536039169958,-0.0409579051524283,-0.020194712357116,-0.0051161880334882,-0.0301337313074004,-0.0078597783243445,-0.0065021630856952
0.0,-0.0628442437165642,-0.0276361561453936,-0.0097024802179772,0.0,-0.0089132810541106,-0.0107897360853284,0.0
-0.0069651578087346,-0.0566007941736166,-0.0209864060589591,-0.0235242492361429,-0.0213820099209725,-0.0144009402427061,-0.0021378742530942,-0.0013966981152241
-0.0097003008704619,-0.0573419480590776,-0.0134142615286081,-0.0092455087702054,-0.0102163990959505,-0.0265504781060908,-0.0044424785301089,-0.0232687876136463
-0.0057505613996273,-0.0546807774933025,-0.0420519840960528,-0.0130538839907932,-0.0018973736285915,-0.0282288585570705,-0.0067578713365468,-0.0189102901128546
-0.0108620662789631,-0.0551319774444814,-0.0296869552991201,-0.0087609079576695,0.0,-0.018940174314877,-0.0006279230916712,-0.0102609218300419
0.0,-0.0628140823390513,-0.0345230198655561,-0.0129686967771203,-0.0181815261682542,-0.0105883181602485,0.0,-0.0025703326088774
-0.008697604493925,-0.0728084071785959,-0.033126896977789,-0.0121329636499716,-0.0022352150758319,-0.0261000483376536,-0.0084937291359561,-0.0044113818065334
-0.0119017607404484,-0.0704082788251739,-0.0331621524541204,-0.0178538236347379,-0.0158528077920034,-0.0263552494194262,-0.0274052969173355,-0.0035106173445214
-0.0179669399361904,-0.0742103464487074,-0.0513180868316597,-0.0145148598002671,-0.0065822169144249,-0.0199369902532228,-0.0143687750991055,-0.0042787829362204
-0.0074723224539454,-0.0814278418555918,-0.0413753989466832,-0.0021528606582061,0.0,-0.0211302196291431,-0.0064077010797434,-0.0027870767716967
-6.68519304491966e-05,-0.0866672829074835,-0.0247240346373245,-0.0159801894347478,-0.0042697202841658,-0.0094709062040254,-0.007199456849404,-0.0040320795215989
0.0,-0.0935696660784751,-0.0333416110534963,0.0,-0.0126399953539165,-0.0044918626532849,-0.0283313066964692,-0.0026240119371892
-0.0140953343361612,-0.101971367405113,-0.0291154768313537,-0.0045575868702489,-0.0153026621167852,-0.0276299173236491,-0.0048088757986457,-0.0011608830060462
-0.0192978668578099,-0.104350996975875,-0.0587158170654933,-0.0126583013855806,0.0,0.0,-0.0020988677355546,-0.0025244314036921
-0.0268991852902281,-0.0943460477706659,-0.0372999388881644,-0.0093197727315965,-0.0062961146195044,-0.0152938965232852,-0.0176725754095126,0.0
-0.0098172758914099,-0.117795933771292,-0.0554959818788293,-0.0179389963258361,0.0,-0.0217423023755061,-0.0054199669663224,-0.0152715405501059
0.0,-0.0939702264244282,-0.0522019541685685,-0.0279520329019651,-0.0040725988692711,-0.0105700689109908,-0.0147947915836397,-0.0032843121598714
-0.0145294952757777,-0.111633212225766,-0.0369880513793766,-0.0117390829002373,-0.0031196949336254,-0.0098895859660332,-0.0127255244040825,-0.0165694531544026
0.0,-0.113564432190931,-0.0441865489018785,-0.0222290708811994,-0.0007362795233701,-0.0049189016363365,-0.0025500255350716,-0.0136421307700276
-0.0055257414675811,-0.114140382899267,-0.0561875984056454,-0.0232191107413238,-0.0050652392347666,-0.0004049735969469,0.0,-0.0092894016562852
-0.0069281768433588,-0.119417375723112,-0.0586198984467604,-0.0174967388125595,-0.0222321473108397,-0.0197552729975724,-0.0078422906810784,-0.0087462650629258
-0.012130709365008,-0.109907317346755,-0.0620027224881852,-0.0108159634460874,-0.0203208037419237,-0.0023928559917478,-0.0023229949874803,-0.0120171620933844
-0.0112343113869406,-0.126689969839155,-0.0582633336107055,-0.0256255986430447,-0.0166539442337419,-0.0140993604442966,-0.0110880500869825,-0.007186370732432
-0.0121451348872548,-0.124340541901438,-0.0707082803775043,-0.0132228071896483,-0.0146233343885889,-0.0134279970059092,-0.0255934524855777,0.0
-0.0011508248484168,-0.148231180490335,-0.0717149007769067,-0.0103619658176974,-0.0093792291738182,-0.0022639611317368,0.0,-0.0063930540699004
-0.0098164297902509,-0.124986873051856,-0.0722776435226212,-0.0213652731485041,-0.0146613108855872,-0.0020466534912436,-0.0275084496914326,-0.0158275575023643
-0.0140809088139131,-0.142210215881893,-0.0728097796637952,0.0,-0.0051256712469884,-0.0057849259225122,0.0,-0.0080100765689461
-0.0135612208396181,-0.150845152251408,-0.0738154130364551,-0.0065786894965955,-0.0117973395390425,-0.0078577061759073,0.0,-0.0326051493175318
-0.0164795201271757,-0.153346491486013,-0.0753278800966983,-0.0123286162921379,-0.0022892248428726,-0.0109843832574723,0.0,0.0
-0.0140666961669911,-0.16152181926307,-0.0814660098411516,-0.0175736406552511,-0.0180254379908233,-0.0012532651513594,-0.0089108943939209,-0.0165581703186022
-0.01692771911621,-0.161135801824859,-0.0859446501972254,-0.0151986562946878,-0.0089754660924265,0.0,-0.0074207782745361,-0.0335574150085435
-0.0197601038962598,-0.175995816206894,-0.0907740093922085,-0.0212781876549593,-0.0104065644942835,-0.0032043317332862,0.0,-0.0128640909679217
-0.0026512425392863,-0.171837987267033,-0.0870459411352851,-0.0261937269012202,-0.0110312394099301,-0.0106239458546041,-0.0080653311063843,-0.0113115529529734
0.0,-0.181453241888852,-0.0871054427463605,-0.0261890248891432,-0.0123385466588853,-0.0060726547423817,-0.0070978127846745,-0.015879601825075
-0.0140203306582507,-0.198711097264194,-0.0928924132837398,-0.0013935748825169,-0.0123393170396461,-0.0091580582212861,0.0,-0.0233201104068692
-0.0135885408017089,-0.187906120374881,-0.0838111325688186,-0.0262259026677776,-0.0200061368584646,-0.0127764510560567,-0.0058862796635534,-0.0265570563411739
-0.0153060333759594,-0.196589993432887,-0.0792294834425807,0.0,-0.0176227214482098,-0.0144313430603519,0.0,-0.010632544171015
-0.0246223818976417,-0.195733270871609,-0.0759563778858306,-0.0063534005841403,-0.0104661691390596,-0.0127410748973483,-0.0208214623853564,0.0
-0.0131669628899529,-0.202925978491023,-0.0797458026235732,-0.0201002244879893,-0.001434891601093,-0.0225448748096817,-0.00460985271881,-0.0036344747059027
-0.0191748142242414,-0.211742468163753,-0.0823204818706537,-0.012324614958326,0.0,0.0,-0.0218947728474932,-0.0001072883605937
-0.0028312206268288,-0.207586257511065,-0.0814473799521745,-0.0083852897990786,-0.0043511390686032,-0.022530555725097,-0.0090996424357094,-0.0056624412536602
-0.0236210238654142,-0.21581619813994,-0.0910581323554754,-0.0091927491170715,-0.0063943637845412,-0.0103568891063326,-0.0020658674960332,-0.0040426035411637
-0.0088277447503035,-0.210747881232398,-0.0887729138359649,-0.0167406899642804,-0.0110101924898719,-0.0220680376514787,0.0,-0.0107155065052194
-0.0043158156840954,-0.222317032878432,-0.0881304771626821,-0.0232596134692198,-0.0097042486696919,-0.0079800033751938,-0.000429872464426,-0.0185022061951923
0.0,-0.214825663937796,-0.0865397391564653,-0.0150075904631617,-0.0115095075854119,-0.005343360955661,0.0,-0.0144986229801116
-0.0003563096615706,-0.218845557244384,-0.0861730487825192,-0.0211453358951283,-0.0099481645337271,-0.0037165450501974,-0.0014031772239175,-0.0134440344905884
-0.0178094284565247,-0.21565519034529,-0.0886381588602446,-0.0152774986800859,-0.0129455163449549,-0.0037025070007817,-0.0146138947679986,-0.0114670091978711
-0.0080522906500823,-0.224859369868365,-0.0891933596590507,-0.0022460986986976,-0.0156926883695017,-0.0027274945750831,-0.0089688110165298,-0.0097169657237816
-0.0142398464959097,-0.236507083453976,-0.0957373420371052,-0.0112245510205158,-0.0145864711763948,-0.0029945513233541,-0.0060515594668686,-0.0081644277088334
-0.0106815917461081,-0.220925255567348,-0.1003484151148,-0.0172666373672525,-0.0135189459353166,0.0,-0.0099432188794623,-0.0103482907899198
-0.0200284788516094,-0.237304261788304,-0.104726386693662,-0.0075841028865855,-0.0131784376391224,0.0,-0.0055109615700277,-0.0115899163150737
0.0,-0.237058984322894,-0.0948305822021084,-0.0046619423126936,-0.0106634202710316,-0.0170188998612981,-0.0178540591819254,-0.0119658393001598
-0.0060553925068198,-0.237235085995352,-0.103026023964881,-0.0088076854199172,-0.0128263070554039,0.0,-0.0010240357592095,-0.0022402101866417
0.0,-0.2359854591899,-0.108838669307142,-0.0086618941033127,-0.0059292878339168,-0.0202881675484039,0.0,0.0
-0.0050253934298707,-0.238555312646773,-0.0936718690589712,-0.0070855913120988,-0.0157215691495391,-0.0157239183353162,-0.0055440337307546,-0.0097516125229454
-0.008008155561014,-0.241427130244491,-0.110960910373364,-0.0060707793710195,-0.0051003200919952,-0.007879520995738,-0.0047031967990305,-0.0194207218831651
-0.0111994721281934,-0.246629149572829,-0.100565262384462,-0.0059249880544149,-0.0053558582435551,-0.0180972236869473,-0.0023640503205428,-0.0222660453522381
-0.0029118188346419,-0.244437469315034,-0.0963660902209366,-0.0052913541863084,-0.0075069838203482,-0.0116181230017293,0.0,-0.018416399345571
-0.0053533585742107,-0.246593415976855,-0.108406762312652,-0.0021104589739482,-0.0149838354748977,-0.0128197813561806,0.0,-0.0037312793210726
-0.0107747735789991,-0.246318615813707,-0.0961041342643257,0.0,-0.0171349610516908,-0.0187384467842439,-0.0020655049497055,0.0
-0.0178999967013542,-0.248917093695598,-0.100972826947227,0.0,-0.0083305931973913,0.0,-0.0457739989799761,-0.0060648168909005
-0.0170680615668735,-0.232980225566386,-0.10014973890872,-0.0048461748510884,-0.0163059933097695,-0.0063335684396935,-0.0297093231635768,-0.0014288115050264
0.0,-0.239402878886129,-0.0907160800130453,-0.0094687551165155,-0.0084552997718763,-0.0179103939883614,-0.0238267527407223,-0.0204865983530059
-0.0120066029043575,-0.257751174765165,-0.118000257091766,-0.0083692894835052,0.0,-0.0199504763729665,-0.0055464162045866,-0.0056889469685633
0.0,-0.246540280439822,-0.104277813357773,-0.0106076839579172,0.0,-0.0296199532888218,-0.0111079375786072,-0.0128258048614647
-0.0036356328782942,-0.236819692770756,-0.0934462189829673,-0.0086391977004325,-0.0201066842288903,-0.0279819754221153,-0.0112557251411149,0.0
0.0,-0.249460021090454,-0.0859253904636272,-0.0018176861689851,-0.010163712632141,-0.0090412228457831,-0.0168172465151355,-0.0091277743118513
-0.0040005672619565,-0.23205722878837,-0.100813604662263,-0.0021377266172852,-0.0183221677111243,-0.0067720073275265,-0.0015247322153273,-0.0067086397797938
-0.0059335402006062,-0.250469962434973,-0.0847338097602927,-0.017791899153949,-0.0175465829670416,-0.0037899357266723,0.0,-0.0045404951581276
0.0,-0.226400698109199,-0.0795975617039032,-0.016204590969437,-0.0128304347745406,-0.0037856967098807,-0.0110062016660115,-0.0008398607633992
-0.0015301030022376,-0.233814314070971,-0.0849567332350587,-0.0222576827094745,-0.0089671369448811,0.0,0.0,0.0
-0.0088013687588262,-0.243192810669239,-0.0884377220016787,-0.0269649166668335,-0.0021458179365712,-0.0045187910416868,-0.0214838821845715,-0.0026913981534598
-0.0032870022960538,-0.228204189237688,-0.0876006675496377,-0.0220507537681991,-0.003646938136697,-0.0405751215093382,-0.0046340571230456,-0.0084921717940951
-0.0086894659842857,-0.233717314661995,-0.0905760432244754,-0.0090193537868126,-0.0070370216336492,0.0,-0.0117528892587848,-0.0034907426803934
-0.0029930443916863,-0.225929722140249,-0.0866630971251654,-0.0141831088430076,-0.0095992969969883,-0.0126533908769484,-0.011254503624512,-0.0086481157571444
-0.0039140383402482,-0.225736149945049,-0.0860682172921983,-0.0097453594207688,-0.0106228722466337,-0.0110387802124019,-0.0129878520965558,-0.0008060596883294
-0.0015960799323169,-0.222222316868234,-0.0823821862483755,-0.001991336995899,-0.0059604644775364,-0.0218629837036128,-0.0044405460357657,-0.0090988663335639
-0.0022786553017777,-0.227759785051549,-0.0801209962592043,-0.0013682848392853,0.0,-0.0192946987226601,0.0,-0.0166348086167998
-0.0089799998224591,-0.212836239051435,-0.0812196766764248,-0.0113004114775119,-9.57192645856253e-06,-0.0122003955766556,-0.0037681602407242,-0.0103480898966759
0.0,-0.215514961110712,-0.0718050394991303,-0.0020837087617509,-0.0110290499546608,-0.0056780828363645,0.0,-0.0165523340007476
-0.0069607484151075,-0.195793218305352,-0.0619183457685141,-0.0143356835584294,-0.013483844471193,-0.0016800920149535,0.0,-0.0213472792607984
-0.0108941540642746,-0.194721942663674,-0.0754247518704704,0.0,-0.0089275019643481,0.0,-0.0085700960160823,-0.0179607422051388
-0.0001345788612687,-0.187883265250289,-0.057911121949199,-0.0112990697586342,-0.0209190396449428,-0.005201716246922,0.0,0.0
0.0,-0.192486509007229,-0.0618529139517031,-0.0300551917462131,-0.0214481001926765,-0.0097054289653888,-0.0064047829558449,-0.0020877050701528
0.0,-0.184262574283982,-0.0629585345885608,0.0,-0.009705260809922,-0.0114954846839479,0.0,-0.010270324613278
-0.0064373016357417,-0.169806546499739,-0.0587997746707093,-0.0100053846836072,-0.0140666961669895,-0.0203114289503814,-0.0015695889790849,-0.0068644682566323
0.0,-0.170148856033285,-0.0551257818755233,-0.0002019107341744,0.0,-0.0129571327796332,0.0,-0.0104208787282307
-0.0036905985325566,-0.170482980036171,-0.0558569752666059,-0.0127758052258264,-0.0080436778565222,-0.0174815426222386,-0.0161592809793847,-0.0139291611655303
-0.0056077260524025,-0.164181531006438,-0.0530330688899163,-0.0230674479098498,-0.0134669761690804,-0.0172450404184348,0.0,-0.0106676889117805
-0.0039922842972575,-0.168332205523775,-0.0565050446679569,-0.0265647808349296,-0.0116118509257985,-0.0204374509518432,-0.0104215016904501,0.0
0.0,-0.16057198986552,-0.0690414527062572,-0.0095754383910242,-0.0064372509110809,-0.0178101321148489,-0.0080584300388002,-0.0138469093892492
-0.0011361689588107,-0.156676745719675,-0.0639619285973141,-0.004640269387901,-0.0004503969296268,-0.0043811356322915,0.0,0.0
0.0,-0.144155715129317,-0.0483671182040896,-0.0029097160064957,-0.0091040745027999,0.0,-0.0151219140861292,-0.0072258196322942
-0.0001882144715636,-0.155951119668634,-0.0566118770994668,-0.0092680718807942,-0.022507738322018,-0.0095953896211864,-0.0111732695950195,-0.0061805573447295
0.0,-0.133935379054718,-0.0500986199601235,-0.002393576869506,-0.0250700136853577,-0.0166306540799801,-0.0038494850741699,0.0
-0.0087232496134683,-0.136678114948342,-0.0421329883830838,-0.0135203043258358,-0.0203538654928571,0.0,0.0,-0.0014078851063437
-0.0016126351929441,-0.133231465084177,-0.0479999959219783,-0.0218033312666961,-0.0142255911617334,-0.0108776534302033,0.0,-0.0085151897428592
0.0,-0.127925741613513,-0.0403036046747366,-0.00256304751748,-0.0196828289771543,-0.0279662350726462,-0.013384153079393,0.0
-0.0048329580223915,-0.131638549419443,-0.033536393634514,-0.0046471914017001,-0.0064019972729837,-0.0186631960208083,-0.0167796776133784,-0.0034399593353878
0.0,-0.13249366637302,-0.0374989642630973,0.0,0.0,-0.0160358771838143,-0.0301887824696294,-5.684649143467e-05
0.0,-0.124292209417602,-0.0486150378739632,0.0,-0.009922361533684,-0.0167464184542423,-0.0016362174040054,-0.0076409882861534
-0.0049621309031127,-0.115660924224471,-0.0321006491865726,-0.0015328306415272,-0.018926286537605,-0.0033174219716851,0.0,0.0
-0.005119060317313,-0.119386816125534,-0.0446490479512163,-0.0059912594973572,-0.0086929479702172,-0.0130878692479726,-0.0078389808970698,-0.0044731065114945
-0.0004280474968245,-0.112619774193482,-0.0428899508939754,-0.0015481916004009,-0.0189423153642565,-0.0047169786949556,0.0,-0.0167917557215937
-0.0158320995979007,-0.121629781442821,-0.0301867010011364,-0.0035629066890874,-0.014555494999513,-0.0146132661029688,-0.0089205246573893,-0.0131297759556521
-0.0039885294043653,-0.093411105226445,-0.0465491083096941,-0.003769001084612,-0.0083539804355443,-0.0148254443976081,-0.0361149178293818,-0.0044675902048138
-0.0022381101857535,-0.105255304486594,-0.0285833136574973,-0.0026841979763307,-0.0007432462382739,0.0,-0.029440011201836,0.0
0.0,-0.109992111181644,-0.0049210160709612,-0.0070013315753167,0.0,-0.0043444522750812,-0.0091550735526055,-0.0071709177536096
-0.0008335517644026,-0.110397728387559,-0.0155669402970615,0.0,-0.0149023598508167,-0.0164988910235766,-0.0134363484512692,-0.0154755557109482
-0.0093253554441243,-0.0974498079403601,-0.0300254827908745,-0.0043359384535963,-0.0015159103676603,0.0,-0.0311380835583677,-0.0051474631361261
0.0,-0.0907397200845468,-0.0049286559354961,0.0,-0.0121947582506503,-0.0229110710790215,-0.0109236138160282,-0.0065370064194522
-0.0108160452979336,-0.0897225528415717,-0.0346501476803366,-0.0065746678513911,0.0,-0.0221897649787401,-0.0089943595876134,-0.0057807079928569
0.0,-0.0872883249085579,-0.0190792498300725,-0.001238507667916,-0.0117726872481321,-0.0148843240715508,-0.0132446442749989,-0.0022460508368953
-0.0128958781715482,-0.060526925495751,-0.0206686810810234,0.0,-0.0084280327428121,-0.0046257104258973,-0.0132169810101335,-5.87315298614666e-05
0.0,-0.0647937945352015,-0.0341984288231474,-0.0040057748265085,-0.0105262442957597,-0.0065561209339635,-0.0316599804708231,0.0
-0.0022052719925169,-0.0757021347280769,-0.0205273328936336,0.0,-0.0128722350639596,-0.015328402950638,-0.0126011692971124,-0.0159147920573519
0.0,-0.0756508056140381,-0.0278408490658631,0.0,0.0,-0.0055494178362915,-0.0383511894273809,-0.01325315506203
-0.0085237637953987,-0.0737347364267418,-0.0231390612791,-0.0081325922644572,-0.0045370576254986,-0.0056562553814791,-0.016640850570937,0.0
-0.0148416564132448,-0.0569983152834315,-0.0215129926144978,-0.0124760917238507,0.0,-0.0025529904819765,-0.0319004532207368,0.0
-0.0162825890583917,-0.0483648727411441,-0.0226261049443016,-0.0001069456629867,-0.0216602638829486,-0.0032190408091978,-0.0290541054259341,-0.0106739171314985
-0.014652221580036,-0.0583656695133841,-0.0239996441348238,-0.0064942687458766,-0.017559592379256,-0.0061031256336707,-0.0308125727210964,-0.0008893839549273
-0.0123828649520874,-0.0559398315072839,-0.0263088272541768,0.0,-0.01123547554016,-0.0096738338470447,-0.0398554688407966,-0.0027716159820556
-0.0003129243850708,-0.0587711768093939,-0.0255251794045128,-0.0114105641841817,-0.0056922435760489,-0.0076115131378164,-0.0483759811946021,0.0
0.0,-0.0582561967075312,-0.0185369242698545,-0.0009712130122281,0.0,-0.0045065011363469,-0.0340538565623492,-0.0085281499195843
-0.0170557992532845,-0.0477594738250389,-0.024799680507214,-0.003543838829493,0.0,-0.0059600744862102,-0.0472516472828053,-0.0135255686473101
-0.0056966632790054,-0.0429511143742185,-0.0298493223787327,-0.0030956217237077,-0.0082230727714802,-0.0104408220790568,-0.0258086503180808,0.0
-0.004501488860455,-0.0433945840350543,-0.0252464947865397,-0.0012402381264609,-0.0001121046669805,0.0,-0.0467902988663198,0.0
-0.027828070465715,-0.04530907006871,-0.0192374093659148,-0.0014717732108033,0.0,-0.0011501499429851,-0.0451071206544089,-0.0087795444742351
-0.0042215496116178,-0.0371721177482929,-0.0122510146874326,-0.0010469010881659,-0.0129681332023477,-0.0040391348605524,-0.0579825375131948,-0.0088075064425835
-0.0314862234517923,-0.0368990828532367,-0.0090764711274722,-0.0158574730448811,-0.0032090465538201,0.0,-0.0665802815152681,-0.0130795524455607
-0.019726087339222,-0.0333239716315425,-0.0052081844381679,0.0,-0.0180102069862182,-0.0147933678817933,-0.0754865378118961,0.0
-0.0002607196754902,-0.0318610037609992,-0.0027493622735848,-0.0146440216489396,-0.0134963290779251,-0.016665882388617,-0.0511825178979546,-0.0044286051339769
0.0,-0.0286159521522054,0.0,-0.0185106839501308,-0.0032956888939326,-0.0042808846231274,-0.0487991456942405,-0.0061332580288839
-0.0081019993507065,-0.0246951613897441,-0.0150284716881987,-0.0053907786047857,-0.0114862630103634,-0.0032293006185704,-0.0523611762225649,-0.0107149882276263
-0.0044755603168802,-0.0246704282483545,-0.0256862944886331,-0.0111647895387894,0.0,-0.010394626339409,-0.0695281275051789,-0.0090817810151114
-0.0208762819275852,-0.0265537120364221,-0.0053498058966827,-0.0083557316251368,-0.0063437717048784,-0.0118379061618101,-0.0595153607702157,-0.0079254109607999
-0.0067594254132901,-0.0165167351660571,-0.0107626277385193,-0.0126992310845315,0.0,-0.0113738373513987,-0.0628540344649391,-0.0029543436408632
-0.0062741235775938,-0.0103334345055077,-0.0080930746709035,-0.0162686262762963,-0.012916774484973,-0.0098454161886385,-0.0773833196319362,0.0
-0.0174296364480644,-0.0217551336436954,-0.0001545600465512,-0.0153669169954567,0.0,-0.0079508359036177,-0.0802451561684574,-0.0082453924140729
0.0,0.0,0.0,-0.0155147463374261,-0.0026224879547953,-0.0112538618850513,-0.0707230881588128,-0.0081746038631536
-0.0266896774216239,-0.017444002676505,-0.0055377216388781,-0.0151071399159224,-0.017881509847939,0.0,-0.0905965990941144,-0.0009747091098688
-0.0147966081604953,-0.0016818308679402,-0.009907591147002,-0.0156125971265446,0.0,-0.0191394751467957,-0.0929954600395488,0.0
-0.0025871002790132,0.0,0.0,0.0,0.0,-0.0234437779184156,-0.0724922758241178,0.0
0.0,0.0,0.0,0.0,0.0,0.0,0.0,0.0
,,,,,,,
