V,µA,V.1,µA.1,V.2,µA.2,V.3,µA.3,V.4,µA.4,V.5,µA.5,V.6,µA.6,V.7,µA.7,V.8,µA.8
-0.301055908203125,-0.0393390655517578,-0.301055908203125,-0.133275985717773,-0.301055908203125,-0.0193119049072266,-0.301055908203125,-0.252008438110352,-0.301055908203125,-0.0283718109130859,-0.301055908203125,-0.0493526458740234,-0.301055908203125,-0.0331401824951172,-0.301055908203125,-0.0364780426025391,-0.301055908203125,0.0
-0.301993370056152,-0.0398159027099609,-0.301993370056152,-0.131845474243164,-0.301993370056152,-0.0183582305908203,-0.301993370056152,-0.24867057800293,-0.301993370056152,-0.0293254852294922,-0.301993370056152,-0.0488758087158203,-0.301993370056152,-0.0317096710205078,-0.301993370056152,-0.0360012054443359,-0.301993370056152,-0.0010413217719555
-0.303009033203125,-0.0393390655517578,-0.303009033203125,-0.130414962768555,-0.303009033203125,-0.0174045562744141,-0.303009033203125,-0.247716903686523,-0.303009033203125,-0.0298023223876953,-0.303009033203125,-0.0479221343994141,-0.303009033203125,-0.0326633453369141,-0.303009033203125,-0.0360012054443359,-0.303009033203125,-0.0007974534622881
-0.304024696350098,-0.0379085540771484,-0.304024696350098,-0.130891799926758,-0.304024696350098,-0.0188350677490234,-0.304024696350098,-0.247716903686523,-0.304024696350098,-0.0298023223876953,-0.304024696350098,-0.0493526458740234,-0.304024696350098,-0.0321865081787109,-0.304024696350098,-0.0355243682861328,-0.304024696350098,0.0
-0.304962158203125,-0.0379085540771484,-0.304962158203125,-0.130891799926758,-0.304962158203125,-0.0188350677490234,-0.304962158203125,-0.247716903686523,-0.304962158203125,-0.0298023223876953,-0.304962158203125,-0.0483989715576172,-0.304962158203125,-0.0317096710205078,-0.304962158203125,-0.0360012054443359,-0.304962158203125,0.0
-0.305977821350098,-0.0380277633666992,-0.305977821350098,-0.130414962768555,-0.305977821350098,-0.0188350677490234,-0.305977821350098,-0.24724006652832,-0.305977821350098,-0.0302791595458984,-0.305977821350098,-0.0483989715576172,-0.305977821350098,-0.0321865081787109,-0.305977821350098,-0.0355243682861328,-0.305977821350098,-7.09998601928982e-05
-0.30699348449707,-0.0379383563995361,-0.30699348449707,-0.130414962768555,-0.30699348449707,-0.0183582305908203,-0.30699348449707,-0.246763229370117,-0.30699348449707,-0.0302791595458984,-0.30699348449707,-0.0469684600830078,-0.30699348449707,-0.0331401824951172,-0.30699348449707,-0.0350475311279297,-0.30699348449707,-4.38332386482748e-06
-0.307930946350098,-0.0379085540771484,-0.307930946350098,-0.130891799926758,-0.307930946350098,-0.0183582305908203,-0.307930946350098,-0.247716903686523,-0.307930946350098,-0.030517578125,-0.307930946350098,-0.0488758087158203,-0.307930946350098,-0.0321865081787109,-0.307930946350098,-0.0369548797607422,-0.307930946350098,0.0
-0.30894660949707,-0.0379085540771484,-0.30894660949707,-0.130891799926758,-0.30894660949707,-0.0183582305908203,-0.30894660949707,-0.246763229370117,-0.30894660949707,-0.0307559967041016,-0.30894660949707,-0.0474452972412109,-0.30894660949707,-0.0317096710205078,-0.30894660949707,-0.0374317169189453,-0.30894660949707,-1.65566476277371e-05
-0.309962272644043,-0.0379085540771484,-0.309962272644043,-0.131368637084961,-0.309962272644043,-0.0183582305908203,-0.309962272644043,-0.248193740844727,-0.309962272644043,-0.0307559967041016,-0.309962272644043,-0.0488758087158203,-0.309962272644043,-0.0321865081787109,-0.309962272644043,-0.0364780426025391,-0.309962272644043,-3.82963965724487e-05
-0.31089973449707,-0.0379085540771484,-0.31089973449707,-0.131368637084961,-0.31089973449707,-0.0183582305908203,-0.31089973449707,-0.24724006652832,-0.31089973449707,-0.0307559967041016,-0.31089973449707,-0.0479221343994141,-0.31089973449707,-0.0312328338623047,-0.31089973449707,-0.0364780426025391,-0.31089973449707,-5.85611511875472e-05
-0.311915397644043,-0.0379085540771484,-0.311915397644043,-0.131368637084961,-0.311915397644043,-0.0178813934326172,-0.311915397644043,-0.248193740844727,-0.311915397644043,-0.0312328338623047,-0.311915397644043,-0.0483989715576172,-0.311915397644043,-0.0321865081787109,-0.311915397644043,-0.0369548797607422,-0.311915397644043,-8.00937414169173e-05
-0.312931060791016,-0.0379085540771484,-0.312931060791016,-0.131368637084961,-0.312931060791016,-0.0188350677490234,-0.312931060791016,-0.247716903686523,-0.312931060791016,-0.0298023223876953,-0.312931060791016,-0.0488758087158203,-0.312931060791016,-0.0317096710205078,-0.312931060791016,-0.0374317169189453,-0.312931060791016,-0.0001012037197748
-0.313946723937988,-0.0383853912353516,-0.313946723937988,-0.131845474243164,-0.313946723937988,-0.0174045562744141,-0.313946723937988,-0.247716903686523,-0.313946723937988,-0.0307559967041016,-0.313946723937988,-0.0483989715576172,-0.313946723937988,-0.0319480895996094,-0.313946723937988,-0.0360012054443359,-0.313946723937988,-0.0005995734682073
-0.314884185791016,-0.0383853912353516,-0.314884185791016,-0.131845474243164,-0.314884185791016,-0.0183582305908203,-0.314884185791016,-0.248193740844727,-0.314884185791016,-0.0321865081787109,-0.314884185791016,-0.0482797622680664,-0.314884185791016,-0.0317096710205078,-0.314884185791016,-0.0364780426025391,-0.314884185791016,-0.0006198382228224
-0.315899848937988,-0.0379085540771484,-0.315899848937988,-0.131368637084961,-0.315899848937988,-0.0183582305908203,-0.315899848937988,-0.248193740844727,-0.315899848937988,-0.0317096710205078,-0.315899848937988,-0.0479221343994141,-0.315899848937988,-0.0321865081787109,-0.315899848937988,-0.0374317169189453,-0.315899848937988,-0.000164740813564
-0.316915512084961,-0.0379085540771484,-0.316915512084961,-0.131368637084961,-0.316915512084961,-0.0183582305908203,-0.316915512084961,-0.247716903686523,-0.316915512084961,-0.0320672988891602,-0.316915512084961,-0.0479221343994141,-0.316915512084961,-0.0317096710205078,-0.316915512084961,-0.0379085540771484,-0.316915512084961,-0.0001862651093526
-0.317852973937988,-0.0383853912353516,-0.317852973937988,-0.132322311401367,-0.317852973937988,-0.0183582305908203,-0.317852973937988,-0.24867057800293,-0.317852973937988,-0.0321865081787109,-0.317852973937988,-0.0474452972412109,-0.317852973937988,-0.0307559967041016,-0.317852973937988,-0.0383853912353516,-0.317852973937988,-0.0006829692936217
-0.318868637084961,-0.0379085540771484,-0.318868637084961,-0.131368637084961,-0.318868637084961,-0.0197887420654297,-0.318868637084961,-0.248193740844727,-0.318868637084961,-0.0321865081787109,-0.318868637084961,-0.0479221343994141,-0.318868637084961,-0.0312328338623047,-0.318868637084961,-0.0383853912353516,-0.318868637084961,-0.0002276564312072
-0.319884300231934,-0.0374317169189453,-0.319884300231934,-0.132322311401367,-0.319884300231934,-0.0178813934326172,-0.319884300231934,-0.249147415161133,-0.319884300231934,-0.0321865081787109,-0.319884300231934,-0.0488758087158203,-0.319884300231934,-0.0307559967041016,-0.319884300231934,-0.0388622283935547,-0.319884300231934,0.0
-0.320821762084961,-0.0383853912353516,-0.320821762084961,-0.131845474243164,-0.320821762084961,-0.0193119049072266,-0.320821762084961,-0.249147415161133,-0.320821762084961,-0.0317096710205078,-0.320821762084961,-0.0474452972412109,-0.320821762084961,-0.0312328338623047,-0.320821762084961,-0.0393390655517578,-0.320821762084961,-0.0007348587839967
-0.321837425231934,-0.0374317169189453,-0.321837425231934,-0.132203102111816,-0.321837425231934,-0.0188350677490234,-0.321837425231934,-0.248908996582031,-0.321837425231934,-0.0326633453369141,-0.321837425231934,-0.0483989715576172,-0.321837425231934,-0.0326633453369141,-0.321837425231934,-0.0398159027099609,-0.321837425231934,0.0
-0.322853088378906,-0.0379085540771484,-0.322853088378906,-0.132322311401367,-0.322853088378906,-0.0188350677490234,-0.322853088378906,-0.24867057800293,-0.322853088378906,-0.0321865081787109,-0.322853088378906,-0.0488758087158203,-0.322853088378906,-0.0317096710205078,-0.322853088378906,-0.0393390655517578,-0.322853088378906,-0.0002847777472601
-0.323868751525879,-0.0388622283935547,-0.323868751525879,-0.132322311401367,-0.323868751525879,-0.0183582305908203,-0.323868751525879,-0.24867057800293,-0.323868751525879,-0.0326633453369141,-0.323868751525879,-0.0479221343994141,-0.323868751525879,-0.0321865081787109,-0.323868751525879,-0.0398159027099609,-0.323868751525879,-0.0012519627085162
-0.324806213378906,-0.0388622283935547,-0.324806213378906,-0.13279914855957,-0.324806213378906,-0.0178813934326172,-0.324806213378906,-0.248908996582031,-0.324806213378906,-0.0340938568115234,-0.324806213378906,-0.0483989715576172,-0.324806213378906,-0.0317096710205078,-0.324806213378906,-0.0412464141845703,-0.324806213378906,-0.0012646778486668
-0.325821876525879,-0.0374317169189453,-0.325821876525879,-0.132322311401367,-0.325821876525879,-0.0178813934326172,-0.325821876525879,-0.249147415161133,-0.325821876525879,-0.0326633453369141,-0.325821876525879,-0.0474452972412109,-0.325821876525879,-0.0317096710205078,-0.325821876525879,-0.0417232513427734,-0.325821876525879,0.0
-0.326837539672852,-0.0369548797607422,-0.326837539672852,-0.131845474243164,-0.326837539672852,-0.0183582305908203,-0.326837539672852,-0.249147415161133,-0.326837539672852,-0.0331401824951172,-0.326837539672852,-0.0483989715576172,-0.326837539672852,-0.0317096710205078,-0.326837539672852,-0.0426769256591797,-0.326837539672852,0.0
-0.327775001525879,-0.0383853912353516,-0.327775001525879,-0.132322311401367,-0.327775001525879,-0.0188350677490234,-0.327775001525879,-0.249624252319336,-0.327775001525879,-0.0321865081787109,-0.327775001525879,-0.0488758087158203,-0.327775001525879,-0.0317096710205078,-0.327775001525879,-0.0436305999755859,-0.327775001525879,-0.0008274523427299
-0.328790664672852,-0.0383853912353516,-0.328790664672852,-0.132322311401367,-0.328790664672852,-0.0193119049072266,-0.328790664672852,-0.249147415161133,-0.328790664672852,-0.0340938568115234,-0.328790664672852,-0.0488758087158203,-0.328790664672852,-0.0317096710205078,-0.328790664672852,-0.0441074371337891,-0.328790664672852,-0.0008409577832247
-0.329806327819824,-0.0383853912353516,-0.329806327819824,-0.132322311401367,-0.329806327819824,-0.0183582305908203,-0.329806327819824,-0.249743461608887,-0.329806327819824,-0.0336170196533203,-0.329806327819824,-0.0479221343994141,-0.329806327819824,-0.0317096710205078,-0.329806327819824,-0.0436305999755859,-0.329806327819824,-0.0008545984100136
-0.330743789672852,-0.0383853912353516,-0.330743789672852,-0.132322311401367,-0.330743789672852,-0.0188350677490234,-0.330743789672852,-0.250101089477539,-0.330743789672852,-0.0336170196533203,-0.330743789672852,-0.0488758087158203,-0.330743789672852,-0.0312328338623047,-0.330743789672852,-0.0441074371337891,-0.330743789672852,-0.0008673135501642
-0.331759452819824,-0.0383853912353516,-0.331759452819824,-0.13279914855957,-0.331759452819824,-0.0188350677490234,-0.331759452819824,-0.250101089477539,-0.331759452819824,-0.0340938568115234,-0.331759452819824,-0.0474452972412109,-0.331759452819824,-0.0321865081787109,-0.331759452819824,-0.0460147857666016,-0.331759452819824,-0.0008809541769531
-0.332775115966797,-0.0383853912353516,-0.332775115966797,-0.13279914855957,-0.332775115966797,-0.0183582305908203,-0.332775115966797,-0.249862670898438,-0.332775115966797,-0.0340938568115234,-0.332775115966797,-0.0479221343994141,-0.332775115966797,-0.0317096710205078,-0.332775115966797,-0.0460147857666016,-0.332775115966797,-0.0008944596174479
-0.333712577819824,-0.0383853912353516,-0.333712577819824,-0.132322311401367,-0.333712577819824,-0.0183582305908203,-0.333712577819824,-0.249624252319336,-0.333712577819824,-0.0331401824951172,-0.333712577819824,-0.0479221343994141,-0.333712577819824,-0.0321865081787109,-0.333712577819824,-0.0474452972412109,-0.333712577819824,-0.0009069266946001
-0.334728240966797,-0.0374317169189453,-0.334728240966797,-0.131845474243164,-0.334728240966797,-0.0184774398803711,-0.334728240966797,-0.249624252319336,-0.334728240966797,-0.0326633453369141,-0.334728240966797,-0.0474452972412109,-0.334728240966797,-0.0312328338623047,-0.334728240966797,-0.0479221343994141,-0.334728240966797,0.0
-0.335742950439453,-0.0379085540771484,-0.335742950439453,-0.132322311401367,-0.335742950439453,-0.0183582305908203,-0.335742950439453,-0.250458717346191,-0.335742950439453,-0.0340938568115234,-0.335742950439453,-0.0479221343994141,-0.335742950439453,-0.0312328338623047,-0.335742950439453,-0.0483989715576172,-0.335742950439453,-0.0004570925846346
-0.336758613586426,-0.0374317169189453,-0.336758613586426,-0.13267993927002,-0.336758613586426,-0.0188350677490234,-0.336758613586426,-0.251054763793945,-0.336758613586426,-0.0350475311279297,-0.336758613586426,-0.0488758087158203,-0.336758613586426,-0.0318288803100586,-0.336758613586426,-0.0493526458740234,-0.336758613586426,0.0
-0.33769702911377,-0.0374317169189453,-0.33769702911377,-0.133275985717773,-0.33769702911377,-0.0193119049072266,-0.33769702911377,-0.251531600952148,-0.33769702911377,-0.0345706939697266,-0.33769702911377,-0.0493526458740234,-0.33769702911377,-0.0326633453369141,-0.33769702911377,-0.0507831573486328,-0.33769702911377,0.0
-0.338711738586426,-0.0388622283935547,-0.338711738586426,-0.133275985717773,-0.338711738586426,-0.0193119049072266,-0.338711738586426,-0.251531600952148,-0.338711738586426,-0.0340938568115234,-0.338711738586426,-0.0483989715576172,-0.338711738586426,-0.0321865081787109,-0.338711738586426,-0.0522136688232422,-0.338711738586426,-0.0013503799891977
-0.339727401733398,-0.0374317169189453,-0.339727401733398,-0.133275985717773,-0.339727401733398,-0.0188350677490234,-0.339727401733398,-0.251531600952148,-0.339727401733398,-0.0336170196533203,-0.339727401733398,-0.0498294830322266,-0.339727401733398,-0.0321865081787109,-0.339727401733398,-0.0526905059814453,-0.339727401733398,0.0
-0.340664863586426,-0.0383853912353516,-0.340664863586426,-0.133275985717773,-0.340664863586426,-0.0193119049072266,-0.340664863586426,-0.251531600952148,-0.340664863586426,-0.0345706939697266,-0.340664863586426,-0.0493526458740234,-0.340664863586426,-0.0321865081787109,-0.340664863586426,-0.0526905059814453,-0.340664863586426,-0.0007665307544854
-0.341680526733398,-0.0388622283935547,-0.341680526733398,-0.133275985717773,-0.341680526733398,-0.0188350677490234,-0.341680526733398,-0.251531600952148,-0.341680526733398,-0.0340938568115234,-0.341680526733398,-0.0498294830322266,-0.341680526733398,-0.0326633453369141,-0.341680526733398,-0.0526905059814453,-0.341680526733398,-0.0011879915030694
-0.342696189880371,-0.0393390655517578,-0.342696189880371,-0.134706497192383,-0.342696189880371,-0.0188350677490234,-0.342696189880371,-0.251531600952148,-0.342696189880371,-0.0344514846801758,-0.342696189880371,-0.0493526458740234,-0.342696189880371,-0.0331401824951172,-0.342696189880371,-0.0545978546142578,-0.342696189880371,-0.0016100062176328
-0.343633651733398,-0.0383853912353516,-0.343633651733398,-0.13422966003418,-0.343633651733398,-0.019073486328125,-0.343633651733398,-0.252485275268555,-0.343633651733398,-0.0345706939697266,-0.343633651733398,-0.0503063201904297,-0.343633651733398,-0.0331401824951172,-0.343633651733398,-0.0545978546142578,-0.343633651733398,-0.0006057375858023
-0.344649314880371,-0.0388622283935547,-0.344649314880371,-0.134587287902832,-0.344649314880371,-0.0193119049072266,-0.344649314880371,-0.252962112426758,-0.344649314880371,-0.0340640544891357,-0.344649314880371,-0.0503063201904297,-0.344649314880371,-0.0326633453369141,-0.344649314880371,-0.0555515289306641,-0.344649314880371,-0.001027767592677
-0.345664978027344,-0.0388622283935547,-0.345664978027344,-0.134706497192383,-0.345664978027344,-0.0193119049072266,-0.345664978027344,-0.252485275268555,-0.345664978027344,-0.0336170196533203,-0.345664978027344,-0.0498294830322266,-0.345664978027344,-0.0331401824951172,-0.345664978027344,-0.0565052032470703,-0.345664978027344,-0.0009729706149497
-0.346680641174316,-0.0379085540771484,-0.346680641174316,-0.134706497192383,-0.346680641174316,-0.0197887420654297,-0.346680641174316,-0.252008438110352,-0.346680641174316,-0.0336170196533203,-0.346680641174316,-0.0512599945068359,-0.346680641174316,-0.0326633453369141,-0.346680641174316,-0.0565052032470703,-0.346680641174316,0.0
-0.347618103027344,-0.0398159027099609,-0.347618103027344,-0.13422966003418,-0.347618103027344,-0.0193119049072266,-0.347618103027344,-0.251531600952148,-0.347618103027344,-0.0345706939697266,-0.347618103027344,-0.0493526458740234,-0.347618103027344,-0.0317096710205078,-0.347618103027344,-0.0565052032470703,-0.347618103027344,-0.0018213013548497
-0.348633766174316,-0.0383853912353516,-0.348633766174316,-0.134706497192383,-0.348633766174316,-0.0194311141967773,-0.348633766174316,-0.252962112426758,-0.348633766174316,-0.0336170196533203,-0.348633766174316,-0.0498294830322266,-0.348633766174316,-0.0336170196533203,-0.348633766174316,-0.0560283660888672,-0.348633766174316,-0.0003360284390262
-0.349649429321289,-0.0379085540771484,-0.349649429321289,-0.13422966003418,-0.349649429321289,-0.0193119049072266,-0.349649429321289,-0.253438949584961,-0.349649429321289,-0.0345706939697266,-0.349649429321289,-0.0512599945068359,-0.349649429321289,-0.0326633453369141,-0.349649429321289,-0.0560283660888672,-0.349649429321289,0.0
-0.350586891174316,-0.0383853912353516,-0.350586891174316,-0.134706497192383,-0.350586891174316,-0.0193119049072266,-0.350586891174316,-0.252485275268555,-0.350586891174316,-0.0340938568115234,-0.350586891174316,-0.0503063201904297,-0.350586891174316,-0.0331401824951172,-0.350586891174316,-0.0574588775634766,-0.350586891174316,-0.0002292059161731
-0.351602554321289,-0.0393390655517578,-0.351602554321289,-0.134706497192383,-0.351602554321289,-0.0193119049072266,-0.351602554321289,-0.252962112426758,-0.351602554321289,-0.0340938568115234,-0.351602554321289,-0.0493526458740234,-0.351602554321289,-0.0326633453369141,-0.351602554321289,-0.0555515289306641,-0.351602554321289,-0.0011276188946516
-0.352618217468262,-0.0388622283935547,-0.352618217468262,-0.134706497192383,-0.352618217468262,-0.0183582305908203,-0.352618217468262,-0.253438949584961,-0.352618217468262,-0.0336170196533203,-0.352618217468262,-0.0507831573486328,-0.352618217468262,-0.0326633453369141,-0.352618217468262,-0.0565052032470703,-0.352618217468262,-0.0005960858632269
-0.353555679321289,-0.0398159027099609,-0.353555679321289,-0.134706497192383,-0.353555679321289,-0.0183582305908203,-0.353555679321289,-0.253438949584961,-0.353555679321289,-0.0340938568115234,-0.353555679321289,-0.0503063201904297,-0.353555679321289,-0.0321865081787109,-0.353555679321289,-0.0560283660888672,-0.353555679321289,-0.0014992941283062
-0.354571342468262,-0.0402927398681641,-0.354571342468262,-0.13422966003418,-0.354571342468262,-0.0187158584594727,-0.354571342468262,-0.253915786743164,-0.354571342468262,-0.0326633453369141,-0.354571342468262,-0.0512599945068359,-0.354571342468262,-0.0326633453369141,-0.354571342468262,-0.0555515289306641,-0.354571342468262,-0.001921475492054
-0.355587005615234,-0.0402927398681641,-0.355587005615234,-0.134706497192383,-0.355587005615234,-0.0188350677490234,-0.355587005615234,-0.254154205322266,-0.355587005615234,-0.0317096710205078,-0.355587005615234,-0.0512599945068359,-0.355587005615234,-0.0336170196533203,-0.355587005615234,-0.0550746917724609,-0.355587005615234,-0.0018662954758042
-0.356524467468262,-0.0393390655517578,-0.356524467468262,-0.13422966003418,-0.356524467468262,-0.0193119049072266,-0.356524467468262,-0.254213809967041,-0.356524467468262,-0.0321865081787109,-0.356524467468262,-0.0526905059814453,-0.356524467468262,-0.0345706939697266,-0.356524467468262,-0.0545978546142578,-0.356524467468262,-0.0008612058861609
-0.357540130615234,-0.0407695770263672,-0.357540130615234,-0.134706497192383,-0.357540130615234,-0.0189542770385742,-0.357540130615234,-0.254392623901367,-0.357540130615234,-0.0331401824951172,-0.357540130615234,-0.0536441802978516,-0.357540130615234,-0.0345706939697266,-0.357540130615234,-0.0526905059814453,-0.357540130615234,-0.0022371096468128
-0.358555793762207,-0.0393390655517578,-0.358555793762207,-0.135183334350586,-0.358555793762207,-0.0188350677490234,-0.358555793762207,-0.254392623901367,-0.358555793762207,-0.0336170196533203,-0.358555793762207,-0.0536441802978516,-0.358555793762207,-0.0340938568115234,-0.358555793762207,-0.0517368316650391,-0.358555793762207,-0.0007530869823327
-0.35957145690918,-0.0393390655517578,-0.35957145690918,-0.135183334350586,-0.35957145690918,-0.0191032886505127,-0.35957145690918,-0.254511833190918,-0.35957145690918,-0.0321865081787109,-0.35957145690918,-0.0541210174560547,-0.35957145690918,-0.0345706939697266,-0.35957145690918,-0.0522136688232422,-0.35957145690918,-0.0006985321152258
-0.360508918762207,-0.0398159027099609,-0.360508918762207,-0.135183334350586,-0.360508918762207,-0.0193119049072266,-0.360508918762207,-0.254392623901367,-0.360508918762207,-0.0331401824951172,-0.360508918762207,-0.0541210174560547,-0.360508918762207,-0.0355243682861328,-0.360508918762207,-0.0517368316650391,-0.360508918762207,-0.0011240515559741
-0.36152458190918,-0.0402927398681641,-0.36152458190918,-0.135183334350586,-0.36152458190918,-0.0193119049072266,-0.36152458190918,-0.25486946105957,-0.36152458190918,-0.0317096710205078,-0.36152458190918,-0.0550746917724609,-0.36152458190918,-0.0336170196533203,-0.36152458190918,-0.0503063201904297,-0.36152458190918,-0.00154586506415
-0.362540245056152,-0.0402927398681641,-0.362540245056152,-0.136137008666992,-0.362540245056152,-0.0193119049072266,-0.362540245056152,-0.255346298217773,-0.362540245056152,-0.0321865081787109,-0.362540245056152,-0.0550746917724609,-0.362540245056152,-0.0340938568115234,-0.362540245056152,-0.0512599945068359,-0.362540245056152,-0.0014914163084388
-0.36347770690918,-0.0417232513427734,-0.36347770690918,-0.135183334350586,-0.36347770690918,-0.0207424163818359,-0.36347770690918,-0.254392623901367,-0.36347770690918,-0.0313520431518555,-0.36347770690918,-0.0565052032470703,-0.36347770690918,-0.0355243682861328,-0.36347770690918,-0.0503063201904297,-0.36347770690918,-0.0028717003734922
-0.364493370056152,-0.0412464141845703,-0.364493370056152,-0.136613845825195,-0.364493370056152,-0.0202655792236328,-0.364493370056152,-0.25629997253418,-0.364493370056152,-0.0307559967041016,-0.364493370056152,-0.0565052032470703,-0.364493370056152,-0.0360012054443359,-0.364493370056152,-0.0488758087158203,-0.364493370056152,-0.0023404774009552
-0.365509033203125,-0.0413656234741211,-0.365509033203125,-0.136613845825195,-0.365509033203125,-0.0188350677490234,-0.365509033203125,-0.25486946105957,-0.365509033203125,-0.0307559967041016,-0.365509033203125,-0.0569820404052734,-0.365509033203125,-0.0361204147338867,-0.365509033203125,-0.0479221343994141,-0.365509033203125,-0.0024047907513527
-0.366446495056152,-0.0412464141845703,-0.366446495056152,-0.136137008666992,-0.366446495056152,-0.0202655792236328,-0.366446495056152,-0.25486946105957,-0.366446495056152,-0.0307559967041016,-0.366446495056152,-0.0569820404052734,-0.366446495056152,-0.0364780426025391,-0.366446495056152,-0.0474452972412109,-0.366446495056152,-0.0022344414046326
-0.367462158203125,-0.0422298908233643,-0.367462158203125,-0.136494636535645,-0.367462158203125,-0.0193119049072266,-0.367462158203125,-0.255823135375977,-0.367462158203125,-0.0307559967041016,-0.367462158203125,-0.0569820404052734,-0.367462158203125,-0.0364780426025391,-0.367462158203125,-0.0469684600830078,-0.367462158203125,-0.0031630913445339
-0.368477821350098,-0.0431537628173828,-0.368477821350098,-0.136613845825195,-0.368477821350098,-0.0197887420654297,-0.368477821350098,-0.255823135375977,-0.368477821350098,-0.0312328338623047,-0.368477821350098,-0.0588893890380859,-0.368477821350098,-0.0364780426025391,-0.368477821350098,-0.0464916229248047,-0.368477821350098,-0.0040327160047397
-0.369415283203125,-0.0431537628173828,-0.369415283203125,-0.136613845825195,-0.369415283203125,-0.0197887420654297,-0.369415283203125,-0.255823135375977,-0.369415283203125,-0.0312328338623047,-0.369415283203125,-0.0579357147216797,-0.369415283203125,-0.0369548797607422,-0.369415283203125,-0.0461339950561523,-0.369415283203125,-0.0039826801989921
-0.370430946350098,-0.0417232513427734,-0.370430946350098,-0.136613845825195,-0.370430946350098,-0.0200271606445313,-0.370430946350098,-0.255346298217773,-0.370430946350098,-0.0312328338623047,-0.370430946350098,-0.0598430633544922,-0.370430946350098,-0.0369548797607422,-0.370430946350098,-0.0455379486083984,-0.370430946350098,-0.0024979966622213
-0.37144660949707,-0.0422000885009766,-0.37144660949707,-0.136137008666992,-0.37144660949707,-0.0202655792236328,-0.37144660949707,-0.256180763244629,-0.37144660949707,-0.0312328338623047,-0.37144660949707,-0.0607967376708984,-0.37144660949707,-0.0379085540771484,-0.37144660949707,-0.0455379486083984,-0.37144660949707,-0.0029207013088453
-0.372462272644043,-0.0441074371337891,-0.372462272644043,-0.136613845825195,-0.372462272644043,-0.0202655792236328,-0.372462272644043,-0.256776809692383,-0.372462272644043,-0.0311136245727539,-0.372462272644043,-0.0612735748291016,-0.372462272644043,-0.0379085540771484,-0.372462272644043,-0.0441074371337891,-0.372462272644043,-0.0047739569806611
-0.37339973449707,-0.0436305999755859,-0.37339973449707,-0.137090682983398,-0.37339973449707,-0.0197887420654297,-0.37339973449707,-0.256776809692383,-0.37339973449707,-0.0312328338623047,-0.37339973449707,-0.0631809234619141,-0.37339973449707,-0.0388622283935547,-0.37339973449707,-0.0450611114501953,-0.37339973449707,-0.004247229967604
-0.374415397644043,-0.0450611114501953,-0.374415397644043,-0.137567520141602,-0.374415397644043,-0.0193119049072266,-0.374415397644043,-0.256776809692383,-0.374415397644043,-0.0307559967041016,-0.374415397644043,-0.0641345977783203,-0.374415397644043,-0.0386238098144531,-0.374415397644043,-0.0431537628173828,-0.374415397644043,-0.0056237312589184
-0.375431060791016,-0.0445842742919922,-0.375431060791016,-0.137567520141602,-0.375431060791016,-0.0202655792236328,-0.375431060791016,-0.25629997253418,-0.375431060791016,-0.0302791595458984,-0.375431060791016,-0.0646114349365234,-0.375431060791016,-0.0388622283935547,-0.375431060791016,-0.0436305999755859,-0.375431060791016,-0.0050923872989617
-0.376368522644043,-0.0460147857666016,-0.376368522644043,-0.137567520141602,-0.376368522644043,-0.0207424163818359,-0.376368522644043,-0.256776809692383,-0.376368522644043,-0.0307559967041016,-0.376368522644043,-0.0660419464111328,-0.376368522644043,-0.0388622283935547,-0.376368522644043,-0.0431537628173828,-0.376368522644043,-0.0064721303584833
-0.377384185791016,-0.0460147857666016,-0.377384185791016,-0.138044357299805,-0.377384185791016,-0.0207424163818359,-0.377384185791016,-0.257730484008789,-0.377384185791016,-0.0299215316772461,-0.377384185791016,-0.0669956207275391,-0.377384185791016,-0.0402927398681641,-0.377384185791016,-0.0426769256591797,-0.377384185791016,-0.0064177115254487
-0.378399848937988,-0.0469684600830078,-0.378399848937988,-0.138521194458008,-0.378399848937988,-0.0197887420654297,-0.378399848937988,-0.258207321166992,-0.378399848937988,-0.0293254852294922,-0.378399848937988,-0.0665187835693359,-0.378399848937988,-0.0407695770263672,-0.378399848937988,-0.0431537628173828,-0.378399848937988,-0.0073175515959979
-0.379337310791016,-0.0464916229248047,-0.379337310791016,-0.138044357299805,-0.379337310791016,-0.0212192535400391,-0.379337310791016,-0.258684158325195,-0.379337310791016,-0.0293254852294922,-0.379337310791016,-0.0684261322021484,-0.379337310791016,-0.0407695770263672,-0.379337310791016,-0.0426769256591797,-0.379337310791016,-0.0067910680123225
-0.380352973937988,-0.0474452972412109,-0.380352973937988,-0.139474868774414,-0.380352973937988,-0.0202655792236328,-0.380352973937988,-0.257253646850586,-0.380352973937988,-0.0298023223876953,-0.380352973937988,-0.0693798065185547,-0.380352973937988,-0.0407695770263672,-0.380352973937988,-0.0422000885009766,-0.380352973937988,-0.0076910009018939
-0.381368637084961,-0.0474452972412109,-0.381368637084961,-0.138044357299805,-0.381368637084961,-0.0207424163818359,-0.381368637084961,-0.259160995483398,-0.381368637084961,-0.0302791595458984,-0.381368637084961,-0.0693798065185547,-0.381368637084961,-0.0407695770263672,-0.381368637084961,-0.0431537628173828,-0.381368637084961,-0.0076373073824437
-0.382384300231934,-0.0479221343994141,-0.382384300231934,-0.138998031616211,-0.382384300231934,-0.0207424163818359,-0.382384300231934,-0.257730484008789,-0.382384300231934,-0.029444694519043,-0.382384300231934,-0.0712871551513672,-0.382384300231934,-0.0412464141845703,-0.382384300231934,-0.0426769256591797,-0.382384300231934,-0.0080604989285812
-0.383321762084961,-0.0483989715576172,-0.383321762084961,-0.138521194458008,-0.383321762084961,-0.0212192535400391,-0.383321762084961,-0.259160995483398,-0.383321762084961,-0.0288486480712891,-0.383321762084961,-0.0708103179931641,-0.383321762084961,-0.0417232513427734,-0.383321762084961,-0.0441074371337891,-0.383321762084961,-0.0084878664505169
-0.384337425231934,-0.0493526458740234,-0.384337425231934,-0.138998031616211,-0.384337425231934,-0.0202655792236328,-0.384337425231934,-0.258684158325195,-0.384337425231934,-0.0288486480712891,-0.384337425231934,-0.0717639923095703,-0.384337425231934,-0.0431537628173828,-0.384337425231934,-0.0431537628173828,-0.384337425231934,-0.0093879937795487
-0.385353088378906,-0.0488758087158203,-0.385353088378906,-0.139474868774414,-0.385353088378906,-0.0207424163818359,-0.385353088378906,-0.259160995483398,-0.385353088378906,-0.0288486480712891,-0.385353088378906,-0.0722408294677734,-0.385353088378906,-0.0431537628173828,-0.385353088378906,-0.0426769256591797,-0.385353088378906,-0.0088571252762081
-0.386290550231934,-0.0503063201904297,-0.386290550231934,-0.140905380249023,-0.386290550231934,-0.0212192535400391,-0.386290550231934,-0.259160995483398,-0.386290550231934,-0.0288486480712891,-0.386290550231934,-0.0727176666259766,-0.386290550231934,-0.0437498092651367,-0.386290550231934,-0.0426769256591797,-0.386290550231934,-0.0102373185010979
-0.387306213378906,-0.0512599945068359,-0.387306213378906,-0.14042854309082,-0.387306213378906,-0.0212192535400391,-0.387306213378906,-0.2593994140625,-0.387306213378906,-0.0292062759399414,-0.387306213378906,-0.0755786895751953,-0.387306213378906,-0.0441074371337891,-0.387306213378906,-0.0435113906860352,-0.387306213378906,-0.0111370639265487
-0.388321876525879,-0.0517368316650391,-0.388321876525879,-0.140905380249023,-0.388321876525879,-0.0212192535400391,-0.388321876525879,-0.259637832641602,-0.388321876525879,-0.0293254852294922,-0.388321876525879,-0.0760555267333984,-0.388321876525879,-0.0445842742919922,-0.388321876525879,-0.0441074371337891,-0.388321876525879,-0.0115605590057416
-0.389259338378906,-0.0522136688232422,-0.389259338378906,-0.14185905456543,-0.389259338378906,-0.0221729278564453,-0.389259338378906,-0.259637832641602,-0.389259338378906,-0.0298023223876953,-0.389259338378906,-0.0760555267333984,-0.389259338378906,-0.0455379486083984,-0.389259338378906,-0.0445842742919922,-0.389259338378906,-0.0119882100410547
-0.390275001525879,-0.0512599945068359,-0.390275001525879,-0.14042854309082,-0.390275001525879,-0.0216960906982422,-0.390275001525879,-0.259637832641602,-0.390275001525879,-0.0298023223876953,-0.390275001525879,-0.0774860382080078,-0.390275001525879,-0.0455379486083984,-0.390275001525879,-0.0436305999755859,-0.390275001525879,-0.0109812995312725
-0.391290664672852,-0.0531673431396484,-0.391290664672852,-0.141382217407227,-0.391290664672852,-0.0221729278564453,-0.391290664672852,-0.260114669799805,-0.391290664672852,-0.0288486480712891,-0.391290664672852,-0.0789165496826172,-0.391290664672852,-0.0469684600830078,-0.391290664672852,-0.0436305999755859,-0.391290664672852,-0.0128349341190636
-0.392228126525879,-0.0526905059814453,-0.392228126525879,-0.142335891723633,-0.392228126525879,-0.0216960906982422,-0.392228126525879,-0.260114669799805,-0.392228126525879,-0.0288486480712891,-0.392228126525879,-0.0784397125244141,-0.392228126525879,-0.0474452972412109,-0.392228126525879,-0.0431537628173828,-0.392228126525879,-0.0123080775858147
-0.393243789672852,-0.0536441802978516,-0.393243789672852,-0.14185905456543,-0.393243789672852,-0.0222921371459961,-0.393243789672852,-0.260472297668457,-0.393243789672852,-0.0293254852294922,-0.393243789672852,-0.0789165496826172,-0.393243789672852,-0.0469684600830078,-0.393243789672852,-0.0436305999755859,-0.393243789672852,-0.0132086569325557
-0.394259452819824,-0.0541210174560547,-0.394259452819824,-0.142812728881836,-0.394259452819824,-0.0226497650146484,-0.394259452819824,-0.260442495346069,-0.394259452819824,-0.0288486480712891,-0.394259452819824,-0.0793933868408203,-0.394259452819824,-0.0464916229248047,-0.394259452819824,-0.0441074371337891,-0.394259452819824,-0.0136334960480953
-0.395275115966797,-0.0541210174560547,-0.395275115966797,-0.143289566040039,-0.395275115966797,-0.0226497650146484,-0.395275115966797,-0.260591506958008,-0.395275115966797,-0.0298023223876953,-0.395275115966797,-0.0793933868408203,-0.395275115966797,-0.0483989715576172,-0.395275115966797,-0.0455379486083984,-0.395275115966797,-0.0135805137909992
-0.396212577819824,-0.0555515289306641,-0.396212577819824,-0.143289566040039,-0.396212577819824,-0.0236034393310547,-0.396212577819824,-0.260591506958008,-0.396212577819824,-0.0293254852294922,-0.396212577819824,-0.0798702239990234,-0.396212577819824,-0.0469684600830078,-0.396212577819824,-0.0450611114501953,-0.396212577819824,-0.0149612139590239
-0.397228240966797,-0.0555515289306641,-0.397228240966797,-0.144243240356445,-0.397228240966797,-0.0236034393310547,-0.397228240966797,-0.262022018432617,-0.397228240966797,-0.0302791595458984,-0.397228240966797,-0.0803470611572266,-0.397228240966797,-0.0474452972412109,-0.397228240966797,-0.0455379486083984,-0.397228240966797,-0.0149078334121424
-0.39824390411377,-0.0569820404052734,-0.39824390411377,-0.143766403198242,-0.39824390411377,-0.0236034393310547,-0.39824390411377,-0.261068344116211,-0.39824390411377,-0.0278949737548828,-0.39824390411377,-0.0805854797363281,-0.39824390411377,-0.0474452972412109,-0.39824390411377,-0.0450611114501953,-0.39824390411377,-0.0162855502645175
-0.399181365966797,-0.0565052032470703,-0.399181365966797,-0.144243240356445,-0.399181365966797,-0.0236034393310547,-0.399181365966797,-0.26249885559082,-0.399181365966797,-0.0293254852294922,-0.399181365966797,-0.0808238983154297,-0.399181365966797,-0.0483989715576172,-0.399181365966797,-0.0450611114501953,-0.399181365966797,-0.0157600359524446
-0.40019702911377,-0.0574588775634766,-0.40019702911377,-0.144720077514648,-0.40019702911377,-0.0236034393310547,-0.40019702911377,-0.262022018432617,-0.40019702911377,-0.0302791595458984,-0.40019702911377,-0.0813007354736328,-0.40019702911377,-0.0479221343994141,-0.40019702911377,-0.0455379486083984,-0.40019702911377,-0.0166610294712046
-0.401212692260742,-0.0565052032470703,-0.401212692260742,-0.145196914672852,-0.401212692260742,-0.0240802764892578,-0.401212692260742,-0.263452529907227,-0.401212692260742,-0.0302791595458984,-0.401212692260742,-0.0798702239990234,-0.401212692260742,-0.0493526458740234,-0.401212692260742,-0.0455379486083984,-0.401212692260742,-0.0156542055618896
-0.40215015411377,-0.0579357147216797,-0.40215015411377,-0.145196914672852,-0.40215015411377,-0.0245571136474609,-0.40215015411377,-0.262022018432617,-0.40215015411377,-0.0302791595458984,-0.40215015411377,-0.0803470611572266,-0.40215015411377,-0.0498294830322266,-0.40215015411377,-0.0469684600830078,-0.40215015411377,-0.0170352270124875
-0.403165817260742,-0.0579357147216797,-0.403165817260742,-0.145673751831055,-0.403165817260742,-0.0245571136474609,-0.403165817260742,-0.262975692749023,-0.403165817260742,-0.0298023223876953,-0.403165817260742,-0.0797510147094727,-0.403165817260742,-0.0493526458740234,-0.403165817260742,-0.0483989715576172,-0.403165817260742,-0.0169826973367033
-0.404181480407715,-0.0579357147216797,-0.404181480407715,-0.146031379699707,-0.404181480407715,-0.0245571136474609,-0.404181480407715,-0.262975692749023,-0.404181480407715,-0.0293254852294922,-0.404181480407715,-0.0793933868408203,-0.404181480407715,-0.0488758087158203,-0.404181480407715,-0.0474452972412109,-0.404181480407715,-0.016931256373306
-0.405197143554688,-0.0584125518798828,-0.405197143554688,-0.146627426147461,-0.405197143554688,-0.0259876251220703,-0.405197143554688,-0.262975692749023,-0.405197143554688,-0.0302791595458984,-0.405197143554688,-0.0793933868408203,-0.405197143554688,-0.0488758087158203,-0.405197143554688,-0.0479221343994141,-0.405197143554688,-0.0173556818787131
-0.406134605407715,-0.0588893890380859,-0.406134605407715,-0.146627426147461,-0.406134605407715,-0.0245571136474609,-0.406134605407715,-0.263214111328125,-0.406134605407715,-0.0298023223876953,-0.406134605407715,-0.0786781311035156,-0.406134605407715,-0.0488758087158203,-0.406134605407715,-0.0479221343994141,-0.406134605407715,-0.0177832468844489
-0.407150268554688,-0.0585317611694336,-0.407150268554688,-0.146627426147461,-0.407150268554688,-0.0255107879638672,-0.407150268554688,-0.263452529907227,-0.407150268554688,-0.0307559967041016,-0.407150268554688,-0.0779628753662109,-0.407150268554688,-0.0493526458740234,-0.407150268554688,-0.0479221343994141,-0.407150268554688,-0.0173728186328815
-0.40816593170166,-0.0584125518798828,-0.40816593170166,-0.147581100463867,-0.40816593170166,-0.0255107879638672,-0.40816593170166,-0.263452529907227,-0.40816593170166,-0.0288486480712891,-0.40816593170166,-0.0779628753662109,-0.40816593170166,-0.0493526458740234,-0.40816593170166,-0.0474452972412109,-0.40816593170166,-0.0172013909196954
-0.409103393554688,-0.0584125518798828,-0.409103393554688,-0.147581100463867,-0.409103393554688,-0.0255107879638672,-0.409103393554688,-0.26392936706543,-0.409103393554688,-0.0307559967041016,-0.409103393554688,-0.0770092010498047,-0.409103393554688,-0.0493526458740234,-0.409103393554688,-0.0481605529785156,-0.409103393554688,-0.0171532467110314
-0.41011905670166,-0.0584125518798828,-0.41011905670166,-0.148177146911621,-0.41011905670166,-0.025629997253418,-0.41011905670166,-0.265359878540039,-0.41011905670166,-0.0293254852294922,-0.41011905670166,-0.0774860382080078,-0.41011905670166,-0.0483989715576172,-0.41011905670166,-0.0483989715576172,-0.41011905670166,-0.0171011445197591
-0.411134719848633,-0.0584125518798828,-0.411134719848633,-0.148534774780273,-0.411134719848633,-0.0259876251220703,-0.411134719848633,-0.264883041381836,-0.411134719848633,-0.0302791595458984,-0.411134719848633,-0.0755786895751953,-0.411134719848633,-0.0498294830322266,-0.411134719848633,-0.0488758087158203,-0.411134719848633,-0.0170485799758526
-0.41207218170166,-0.0579357147216797,-0.41207218170166,-0.149011611938477,-0.41207218170166,-0.0255107879638672,-0.41207218170166,-0.265359878540039,-0.41207218170166,-0.0302791595458984,-0.41207218170166,-0.0755786895751953,-0.41207218170166,-0.0483989715576172,-0.41207218170166,-0.0498294830322266,-0.41207218170166,-0.0165227987431899
-0.413087844848633,-0.058293342590332,-0.413087844848633,-0.14948844909668,-0.413087844848633,-0.0261068344116211,-0.413087844848633,-0.265359878540039,-0.413087844848633,-0.0302791595458984,-0.413087844848633,-0.0741481781005859,-0.413087844848633,-0.0498294830322266,-0.413087844848633,-0.0507831573486328,-0.413087844848633,-0.0168279778879221
-0.414103507995605,-0.0584125518798828,-0.414103507995605,-0.149965286254883,-0.414103507995605,-0.0264644622802734,-0.414103507995605,-0.266790390014648,-0.414103507995605,-0.0302791595458984,-0.414103507995605,-0.0746250152587891,-0.414103507995605,-0.0483989715576172,-0.414103507995605,-0.0503063201904297,-0.414103507995605,-0.0168953166261731
-0.415040969848633,-0.0584125518798828,-0.415040969848633,-0.14948844909668,-0.415040969848633,-0.0264644622802734,-0.415040969848633,-0.265359878540039,-0.415040969848633,-0.0302791595458984,-0.415040969848633,-0.0731945037841797,-0.415040969848633,-0.0479221343994141,-0.415040969848633,-0.0522136688232422,-0.415040969848633,-0.0168474929150962
-0.416056632995605,-0.0584125518798828,-0.416056632995605,-0.150442123413086,-0.416056632995605,-0.0264644622802734,-0.416056632995605,-0.266313552856445,-0.416056632995605,-0.0302791595458984,-0.416056632995605,-0.0722408294677734,-0.416056632995605,-0.0488758087158203,-0.416056632995605,-0.0517368316650391,-0.416056632995605,-0.0167957373172671
-0.417072296142578,-0.0584125518798828,-0.417072296142578,-0.149965286254883,-0.417072296142578,-0.0269412994384766,-0.417072296142578,-0.266313552856445,-0.417072296142578,-0.0306367874145508,-0.417072296142578,-0.0727176666259766,-0.417072296142578,-0.0483989715576172,-0.417072296142578,-0.0512599945068359,-0.417072296142578,-0.0167440387567385
-0.418087959289551,-0.0584125518798828,-0.418087959289551,-0.150442123413086,-0.418087959289551,-0.0269412994384766,-0.418087959289551,-0.267267227172852,-0.418087959289551,-0.0307559967041016,-0.418087959289551,-0.0712871551513672,-0.418087959289551,-0.0488758087158203,-0.418087959289551,-0.0512599945068359,-0.418087959289551,-0.0166923972335104
-0.419025421142578,-0.0579357147216797,-0.419025421142578,-0.150442123413086,-0.419025421142578,-0.0269412994384766,-0.419025421142578,-0.267267227172852,-0.419025421142578,-0.0307261943817139,-0.419025421142578,-0.0698566436767578,-0.419025421142578,-0.0483989715576172,-0.419025421142578,-0.0522136688232422,-0.419025421142578,-0.0161679411504032
-0.420041084289551,-0.0579357147216797,-0.420041084289551,-0.151872634887695,-0.420041084289551,-0.0274181365966797,-0.420041084289551,-0.267267227172852,-0.420041084289551,-0.0307559967041016,-0.420041084289551,-0.0674724578857422,-0.420041084289551,-0.0474452972412109,-0.420041084289551,-0.0526905059814453,-0.420041084289551,-0.0161164002625979
-0.421055793762207,-0.0574588775634766,-0.421055793762207,-0.150442123413086,-0.421055793762207,-0.0272989273071289,-0.421055793762207,-0.267267227172852,-0.421055793762207,-0.0307559967041016,-0.421055793762207,-0.0665187835693359,-0.421055793762207,-0.0469684600830078,-0.421055793762207,-0.0536441802978516,-0.421055793762207,-0.0155876183571642
-0.421994209289551,-0.0574588775634766,-0.421994209289551,-0.151872634887695,-0.421994209289551,-0.0274181365966797,-0.421994209289551,-0.267744064331055,-0.421994209289551,-0.0317096710205078,-0.421994209289551,-0.0674724578857422,-0.421994209289551,-0.0460147857666016,-0.421994209289551,-0.0531673431396484,-0.421994209289551,-0.015539160979508
-0.423008918762207,-0.0569820404052734,-0.423008918762207,-0.152349472045898,-0.423008918762207,-0.0274181365966797,-0.423008918762207,-0.268220901489258,-0.423008918762207,-0.0317096710205078,-0.423008918762207,-0.0669956207275391,-0.423008918762207,-0.0460147857666016,-0.423008918762207,-0.0541210174560547,-0.423008918762207,-0.0150104898709326
-0.42402458190918,-0.0569820404052734,-0.42402458190918,-0.151395797729492,-0.42402458190918,-0.0278949737548828,-0.42402458190918,-0.268220901489258,-0.42402458190918,-0.0312328338623047,-0.42402458190918,-0.0669956207275391,-0.42402458190918,-0.0456571578979492,-0.42402458190918,-0.0531673431396484,-0.42402458190918,-0.0149591707851088
-0.424962043762207,-0.0555515289306641,-0.424962043762207,-0.151872634887695,-0.424962043762207,-0.0278949737548828,-0.424962043762207,-0.268220901489258,-0.424962043762207,-0.0313520431518555,-0.424962043762207,-0.0646114349365234,-0.424962043762207,-0.0450611114501953,-0.424962043762207,-0.0545978546142578,-0.424962043762207,-0.0134813472216511
-0.42597770690918,-0.0560283660888672,-0.42597770690918,-0.151872634887695,-0.42597770690918,-0.0283718109130859,-0.42597770690918,-0.269174575805664,-0.42597770690918,-0.0312328338623047,-0.42597770690918,-0.0650882720947266,-0.42597770690918,-0.0455379486083984,-0.42597770690918,-0.0555515289306641,-0.42597770690918,-0.0139069859181228
-0.426993370056152,-0.0550746917724609,-0.426993370056152,-0.152826309204102,-0.426993370056152,-0.0283718109130859,-0.426993370056152,-0.269174575805664,-0.426993370056152,-0.0312328338623047,-0.426993370056152,-0.0631809234619141,-0.426993370056152,-0.0445842742919922,-0.426993370056152,-0.0550746917724609,-0.426993370056152,-0.0129021663231321
-0.428009033203125,-0.0555515289306641,-0.428009033203125,-0.152349472045898,-0.428009033203125,-0.0278949737548828,-0.428009033203125,-0.269174575805664,-0.428009033203125,-0.0321865081787109,-0.428009033203125,-0.0631809234619141,-0.428009033203125,-0.0436305999755859,-0.428009033203125,-0.0565052032470703,-0.428009033203125,-0.0133279113858977
-0.428946495056152,-0.0545978546142578,-0.428946495056152,-0.152230262756348,-0.428946495056152,-0.0278949737548828,-0.428946495056152,-0.269174575805664,-0.428946495056152,-0.0312328338623047,-0.428946495056152,-0.0622272491455078,-0.428946495056152,-0.0436305999755859,-0.428946495056152,-0.0550746917724609,-0.428946495056152,-0.0123271269057885
-0.429962158203125,-0.0545978546142578,-0.429962158203125,-0.151872634887695,-0.429962158203125,-0.0274181365966797,-0.429962158203125,-0.269174575805664,-0.429962158203125,-0.0326633453369141,-0.429962158203125,-0.0607967376708984,-0.429962158203125,-0.0436305999755859,-0.429962158203125,-0.0579357147216797,-0.429962158203125,-0.0122761389923884
-0.430977821350098,-0.0541210174560547,-0.430977821350098,-0.151872634887695,-0.430977821350098,-0.0274181365966797,-0.430977821350098,-0.269174575805664,-0.430977821350098,-0.0317096710205078,-0.430977821350098,-0.0607967376708984,-0.430977821350098,-0.0426769256591797,-0.430977821350098,-0.0574588775634766,-0.430977821350098,-0.0117478554588019
-0.431915283203125,-0.0526905059814453,-0.431915283203125,-0.151991844177246,-0.431915283203125,-0.0281333923339844,-0.431915283203125,-0.269174575805664,-0.431915283203125,-0.0317096710205078,-0.431915283203125,-0.0588893890380859,-0.431915283203125,-0.0431537628173828,-0.431915283203125,-0.0574588775634766,-0.431915283203125,-0.0102694355756183
-0.432930946350098,-0.0531673431396484,-0.432930946350098,-0.152349472045898,-0.432930946350098,-0.0283718109130859,-0.432930946350098,-0.269174575805664,-0.432930946350098,-0.0319480895996094,-0.432930946350098,-0.0598430633544922,-0.432930946350098,-0.0426769256591797,-0.432930946350098,-0.0579357147216797,-0.432930946350098,-0.0106949268554699
-0.43394660949707,-0.0536441802978516,-0.43394660949707,-0.151872634887695,-0.43394660949707,-0.0281929969787598,-0.43394660949707,-0.27012825012207,-0.43394660949707,-0.0321865081787109,-0.43394660949707,-0.0584125518798828,-0.43394660949707,-0.0426769256591797,-0.43394660949707,-0.0584125518798828,-0.43394660949707,-0.011120977094337
-0.434884071350098,-0.0526905059814453,-0.434884071350098,-0.152230262756348,-0.434884071350098,-0.0280886888504028,-0.434884071350098,-0.269174575805664,-0.434884071350098,-0.0321865081787109,-0.434884071350098,-0.0579357147216797,-0.434884071350098,-0.0412464141845703,-0.434884071350098,-0.0588893890380859,-0.434884071350098,-0.0101204707088228
-0.43589973449707,-0.0512599945068359,-0.43589973449707,-0.152349472045898,-0.43589973449707,-0.0278949737548828,-0.43589973449707,-0.27012825012207,-0.43589973449707,-0.0331401824951172,-0.43589973449707,-0.0579357147216797,-0.43589973449707,-0.0412464141845703,-0.43589973449707,-0.0603199005126953,-0.43589973449707,-0.008639268730152
-0.436915397644043,-0.0517368316650391,-0.436915397644043,-0.152349472045898,-0.436915397644043,-0.0278949737548828,-0.436915397644043,-0.27012825012207,-0.436915397644043,-0.0321865081787109,-0.436915397644043,-0.0569820404052734,-0.436915397644043,-0.0407695770263672,-0.436915397644043,-0.0593662261962891,-0.436915397644043,-0.0090649556386828
-0.43785285949707,-0.0512599945068359,-0.43785285949707,-0.151872634887695,-0.43785285949707,-0.0278949737548828,-0.43785285949707,-0.270247459411621,-0.43785285949707,-0.0336170196533203,-0.43785285949707,-0.0560283660888672,-0.43785285949707,-0.0417232513427734,-0.43785285949707,-0.0603199005126953,-0.43785285949707,-0.0085404822125329
-0.438868522644043,-0.0503063201904297,-0.438868522644043,-0.151395797729492,-0.438868522644043,-0.0280141830444336,-0.438868522644043,-0.27012825012207,-0.438868522644043,-0.0336170196533203,-0.438868522644043,-0.0560283660888672,-0.438868522644043,-0.0402927398681641,-0.438868522644043,-0.0607967376708984,-0.438868522644043,-0.0075362356021384
-0.439884185791016,-0.0507831573486328,-0.439884185791016,-0.151395797729492,-0.439884185791016,-0.0278949737548828,-0.439884185791016,-0.270605087280273,-0.439884185791016,-0.0334978103637695,-0.439884185791016,-0.0574588775634766,-0.439884185791016,-0.0407695770263672,-0.439884185791016,-0.0617504119873047,-0.439884185791016,-0.0079635381676484
-0.440899848937988,-0.0498294830322266,-0.440899848937988,-0.151395797729492,-0.440899848937988,-0.0283718109130859,-0.440899848937988,-0.271081924438477,-0.440899848937988,-0.0336170196533203,-0.440899848937988,-0.0565052032470703,-0.440899848937988,-0.0388622283935547,-0.440899848937988,-0.0612735748291016,-0.440899848937988,-0.006959381937634
-0.441837310791016,-0.0493526458740234,-0.441837310791016,-0.151872634887695,-0.441837310791016,-0.0278949737548828,-0.441837310791016,-0.271081924438477,-0.441837310791016,-0.0331401824951172,-0.441837310791016,-0.0545978546142578,-0.441837310791016,-0.0407695770263672,-0.441837310791016,-0.0622272491455078,-0.441837310791016,-0.0064350753545142
-0.442852973937988,-0.0493526458740234,-0.442852973937988,-0.151395797729492,-0.442852973937988,-0.0283718109130859,-0.442852973937988,-0.271081924438477,-0.442852973937988,-0.0336170196533203,-0.442852973937988,-0.0541210174560547,-0.442852973937988,-0.0393390655517578,-0.442852973937988,-0.0627040863037109,-0.442852973937988,-0.0063841925229486
-0.443868637084961,-0.0488758087158203,-0.443868637084961,-0.150442123413086,-0.443868637084961,-0.0274181365966797,-0.443868637084961,-0.270605087280273,-0.443868637084961,-0.0331401824951172,-0.443868637084961,-0.0526905059814453,-0.443868637084961,-0.0379085540771484,-0.443868637084961,-0.0627040863037109,-0.443868637084961,-0.0058570189361375
-0.444806098937988,-0.0479221343994141,-0.444806098937988,-0.150442123413086,-0.444806098937988,-0.0274181365966797,-0.444806098937988,-0.270605087280273,-0.444806098937988,-0.0331401824951172,-0.444806098937988,-0.0522136688232422,-0.444806098937988,-0.0383853912353516,-0.444806098937988,-0.0636577606201172,-0.444806098937988,-0.0048569206630526
-0.445821762084961,-0.0479221343994141,-0.445821762084961,-0.150442123413086,-0.445821762084961,-0.0269412994384766,-0.445821762084961,-0.271081924438477,-0.445821762084961,-0.0336170196533203,-0.445821762084961,-0.0530481338500977,-0.445821762084961,-0.0383853912353516,-0.445821762084961,-0.0646114349365234,-0.445821762084961,-0.0048066639810549
-0.446837425231934,-0.0474452972412109,-0.446837425231934,-0.150442123413086,-0.446837425231934,-0.0269412994384766,-0.446837425231934,-0.27155876159668,-0.446837425231934,-0.0331401824951172,-0.446837425231934,-0.0536441802978516,-0.446837425231934,-0.0379085540771484,-0.446837425231934,-0.0650882720947266,-0.446837425231934,-0.0042791057986672
-0.447774887084961,-0.0483989715576172,-0.447774887084961,-0.149965286254883,-0.447774887084961,-0.0269412994384766,-0.447774887084961,-0.271081924438477,-0.447774887084961,-0.0336170196533203,-0.447774887084961,-0.0536441802978516,-0.447774887084961,-0.0369548797607422,-0.447774887084961,-0.0650882720947266,-0.447774887084961,-0.0051855357816056
-0.448790550231934,-0.0474452972412109,-0.448790550231934,-0.149965286254883,-0.448790550231934,-0.026702880859375,-0.448790550231934,-0.272035598754883,-0.448790550231934,-0.0340938568115234,-0.448790550231934,-0.0536441802978516,-0.448790550231934,-0.0360012054443359,-0.448790550231934,-0.0650882720947266,-0.448790550231934,-0.004181696627418
-0.449806213378906,-0.0469684600830078,-0.449806213378906,-0.149846076965332,-0.449806213378906,-0.0264644622802734,-0.449806213378906,-0.270605087280273,-0.449806213378906,-0.0340938568115234,-0.449806213378906,-0.0526905059814453,-0.449806213378906,-0.0374317169189453,-0.449806213378906,-0.0669956207275391,-0.449806213378906,-0.0036557151600237
-0.450821876525879,-0.0469684600830078,-0.450821876525879,-0.149697065353394,-0.450821876525879,-0.0264644622802734,-0.450821876525879,-0.272512435913086,-0.450821876525879,-0.0345706939697266,-0.450821876525879,-0.0536441802978516,-0.450821876525879,-0.0369548797607422,-0.450821876525879,-0.0669956207275391,-0.450821876525879,-0.0036056215817521
-0.451759338378906,-0.0469684600830078,-0.451759338378906,-0.14948844909668,-0.451759338378906,-0.0259876251220703,-0.451759338378906,-0.272035598754883,-0.451759338378906,-0.0336170196533203,-0.451759338378906,-0.0522136688232422,-0.451759338378906,-0.0364780426025391,-0.451759338378906,-0.0679492950439453,-0.451759338378906,-0.0035585087940084
-0.452775001525879,-0.0463724136352539,-0.452775001525879,-0.14948844909668,-0.452775001525879,-0.0255107879638672,-0.452775001525879,-0.272989273071289,-0.452775001525879,-0.0355243682861328,-0.452775001525879,-0.0526905059814453,-0.452775001525879,-0.0369548797607422,-0.452775001525879,-0.0684261322021484,-0.452775001525879,-0.0029119521648754
-0.453790664672852,-0.0460147857666016,-0.453790664672852,-0.149250030517578,-0.453790664672852,-0.0259876251220703,-0.453790664672852,-0.27155876159668,-0.453790664672852,-0.0336170196533203,-0.453790664672852,-0.0526905059814453,-0.453790664672852,-0.0364780426025391,-0.453790664672852,-0.0689029693603516,-0.453790664672852,-0.002504346780817
-0.454728126525879,-0.0455379486083984,-0.454728126525879,-0.149011611938477,-0.454728126525879,-0.0264644622802734,-0.454728126525879,-0.271081924438477,-0.454728126525879,-0.0355243682861328,-0.454728126525879,-0.0531673431396484,-0.454728126525879,-0.0379085540771484,-0.454728126525879,-0.0689029693603516,-0.454728126525879,-0.0019814074365684
-0.455743789672852,-0.0464916229248047,-0.455743789672852,-0.149011611938477,-0.455743789672852,-0.0264644622802734,-0.455743789672852,-0.27155876159668,-0.455743789672852,-0.0345706939697266,-0.455743789672852,-0.0526905059814453,-0.455743789672852,-0.0360012054443359,-0.455743789672852,-0.0693798065185547,-0.455743789672852,-0.002885163382036
-0.456759452819824,-0.0455379486083984,-0.456759452819824,-0.148534774780273,-0.456759452819824,-0.0255107879638672,-0.456759452819824,-0.272035598754883,-0.456759452819824,-0.0350475311279297,-0.456759452819824,-0.0536441802978516,-0.456759452819824,-0.0364780426025391,-0.456759452819824,-0.0708103179931641,-0.456759452819824,-0.0018810988893675
-0.457696914672852,-0.0450611114501953,-0.457696914672852,-0.148534774780273,-0.457696914672852,-0.0250339508056641,-0.457696914672852,-0.272035598754883,-0.457696914672852,-0.0350475311279297,-0.457696914672852,-0.0522136688232422,-0.457696914672852,-0.0374317169189453,-0.457696914672852,-0.0708103179931641,-0.457696914672852,-0.0013573158833719
-0.458712577819824,-0.0450611114501953,-0.458712577819824,-0.148534774780273,-0.458712577819824,-0.0255107879638672,-0.458712577819824,-0.272512435913086,-0.458712577819824,-0.035405158996582,-0.458712577819824,-0.0536441802978516,-0.458712577819824,-0.0374317169189453,-0.458712577819824,-0.0722408294677734,-0.458712577819824,-0.0013069780374921
-0.459728240966797,-0.0449419021606445,-0.459728240966797,-0.14805793762207,-0.459728240966797,-0.0245571136474609,-0.459728240966797,-0.272512435913086,-0.459728240966797,-0.0353753566741943,-0.459728240966797,-0.0531673431396484,-0.459728240966797,-0.0369548797607422,-0.459728240966797,-0.0736713409423828,-0.459728240966797,-0.0011379550377677
-0.460665702819824,-0.0450313091278076,-0.460665702819824,-0.147581100463867,-0.460665702819824,-0.0245571136474609,-0.460665702819824,-0.272512435913086,-0.460665702819824,-0.0355243682861328,-0.460665702819824,-0.0526905059814453,-0.460665702819824,-0.0355243682861328,-0.460665702819824,-0.0727176666259766,-0.460665702819824,-0.0011814046265118
-0.461681365966797,-0.0450611114501953,-0.461681365966797,-0.147581100463867,-0.461681365966797,-0.0246763229370117,-0.461681365966797,-0.272750854492188,-0.461681365966797,-0.0355243682861328,-0.461681365966797,-0.0526905059814453,-0.461681365966797,-0.0369548797607422,-0.461681365966797,-0.0746250152587891,-0.461681365966797,-0.0011614385471377
-0.46269702911377,-0.0448152422904968,-0.46269702911377,-0.147581100463867,-0.46269702911377,-0.0248253345489502,-0.46269702911377,-0.272989273071289,-0.46269702911377,-0.0360012054443359,-0.46269702911377,-0.0530481338500977,-0.46269702911377,-0.0360012054443359,-0.46269702911377,-0.0746250152587891,-0.46269702911377,-0.0008658212376457
-0.463712692260742,-0.0445842742919922,-0.463712692260742,-0.147581100463867,-0.463712692260742,-0.0250339508056641,-0.463712692260742,-0.272989273071289,-0.463712692260742,-0.0355243682861328,-0.463712692260742,-0.0536441802978516,-0.463712692260742,-0.0355243682861328,-0.463712692260742,-0.0765323638916016,-0.463712692260742,-0.0005851253413158
-0.46465015411377,-0.0445842742919922,-0.46465015411377,-0.147581100463867,-0.46465015411377,-0.0250339508056641,-0.46465015411377,-0.273466110229492,-0.46465015411377,-0.0364780426025391,-0.46465015411377,-0.0531673431396484,-0.46465015411377,-0.0355243682861328,-0.46465015411377,-0.0774860382080078,-0.46465015411377,-0.0005392426963887
-0.465665817260742,-0.0445842742919922,-0.465665817260742,-0.147581100463867,-0.465665817260742,-0.0250339508056641,-0.465665817260742,-0.272512435913086,-0.465665817260742,-0.0369548797607422,-0.465665817260742,-0.0526905059814453,-0.465665817260742,-0.0360012054443359,-0.465665817260742,-0.0784397125244141,-0.465665817260742,-0.0004895504175152
-0.466681480407715,-0.044703483581543,-0.466681480407715,-0.147581100463867,-0.466681480407715,-0.0245571136474609,-0.466681480407715,-0.272989273071289,-0.466681480407715,-0.0364780426025391,-0.466681480407715,-0.0541210174560547,-0.466681480407715,-0.0355243682861328,-0.466681480407715,-0.0789165496826172,-0.466681480407715,-0.000558585658634
-0.467618942260742,-0.0445842742919922,-0.467618942260742,-0.147581100463867,-0.467618942260742,-0.0236034393310547,-0.467618942260742,-0.272989273071289,-0.467618942260742,-0.0360012054443359,-0.467618942260742,-0.0536441802978516,-0.467618942260742,-0.0369548797607422,-0.467618942260742,-0.0798702239990234,-0.467618942260742,-0.0003926208112574
-0.468634605407715,-0.0450611114501953,-0.468634605407715,-0.147581100463867,-0.468634605407715,-0.0250339508056641,-0.468634605407715,-0.27310848236084,-0.468634605407715,-0.0374317169189453,-0.468634605407715,-0.0531673431396484,-0.468634605407715,-0.0374317169189453,-0.468634605407715,-0.0808238983154297,-0.468634605407715,-0.0008193120757915
-0.469650268554688,-0.0445842742919922,-0.469650268554688,-0.147581100463867,-0.469650268554688,-0.0245571136474609,-0.469650268554688,-0.273466110229492,-0.469650268554688,-0.0379085540771484,-0.469650268554688,-0.0531673431396484,-0.469650268554688,-0.0340938568115234,-0.469650268554688,-0.0832080841064453,-0.469650268554688,-0.0002928389482409
-0.470587730407715,-0.0460147857666016,-0.470587730407715,-0.147581100463867,-0.470587730407715,-0.0255107879638672,-0.470587730407715,-0.272989273071289,-0.470587730407715,-0.0369548797607422,-0.470587730407715,-0.0526905059814453,-0.470587730407715,-0.0355243682861328,-0.470587730407715,-0.0832080841064453,-0.470587730407715,-0.0016775456871779
-0.471603393554688,-0.0450611114501953,-0.471603393554688,-0.147104263305664,-0.471603393554688,-0.0240802764892578,-0.471603393554688,-0.274419784545898,-0.471603393554688,-0.0379085540771484,-0.471603393554688,-0.0530481338500977,-0.471603393554688,-0.0369548797607422,-0.471603393554688,-0.0836849212646484,-0.471603393554688,-0.0006742559800153
-0.47261905670166,-0.0455379486083984,-0.47261905670166,-0.147104263305664,-0.47261905670166,-0.0245571136474609,-0.47261905670166,-0.273466110229492,-0.47261905670166,-0.0369548797607422,-0.47261905670166,-0.0531673431396484,-0.47261905670166,-0.0369548797607422,-0.47261905670166,-0.0851154327392578,-0.47261905670166,-0.0011014854823985
-0.473634719848633,-0.0454187393188477,-0.473634719848633,-0.147104263305664,-0.473634719848633,-0.0236034393310547,-0.473634719848633,-0.273942947387695,-0.473634719848633,-0.0374317169189453,-0.473634719848633,-0.0531673431396484,-0.473634719848633,-0.0360012054443359,-0.473634719848633,-0.0860691070556641,-0.473634719848633,-0.0009326762719645
-0.47457218170166,-0.0455379486083984,-0.47457218170166,-0.147581100463867,-0.47457218170166,-0.0240802764892578,-0.47457218170166,-0.274419784545898,-0.47457218170166,-0.0374317169189453,-0.47457218170166,-0.0541210174560547,-0.47457218170166,-0.0360012054443359,-0.47457218170166,-0.0870227813720703,-0.47457218170166,-0.0010061093691709
-0.475587844848633,-0.0450313091278076,-0.475587844848633,-0.146627426147461,-0.475587844848633,-0.0250339508056641,-0.475587844848633,-0.274419784545898,-0.475587844848633,-0.0374317169189453,-0.475587844848633,-0.0541210174560547,-0.475587844848633,-0.0360012054443359,-0.475587844848633,-0.0894069671630859,-0.475587844848633,-0.0004498802980763
-0.476603507995605,-0.0445842742919922,-0.476603507995605,-0.147104263305664,-0.476603507995605,-0.0250339508056641,-0.476603507995605,-0.273942947387695,-0.476603507995605,-0.0383853912353516,-0.476603507995605,-0.0545978546142578,-0.476603507995605,-0.0364780426025391,-0.476603507995605,-0.0894069671630859,-0.476603507995605,0.0
-0.477540969848633,-0.0445842742919922,-0.477540969848633,-0.146627426147461,-0.477540969848633,-0.0245571136474609,-0.477540969848633,-0.273942947387695,-0.477540969848633,-0.0383853912353516,-0.477540969848633,-0.0541210174560547,-0.477540969848633,-0.0369548797607422,-0.477540969848633,-0.0913143157958984,-0.477540969848633,0.0
-0.478556632995605,-0.0448226928710938,-0.478556632995605,-0.147581100463867,-0.478556632995605,-0.0240802764892578,-0.478556632995605,-0.274896621704102,-0.478556632995605,-0.0383853912353516,-0.478556632995605,-0.054478645324707,-0.478556632995605,-0.0369548797607422,-0.478556632995605,-0.0922679901123047,-0.478556632995605,-9.1354318530204e-05
-0.479572296142578,-0.0450611114501953,-0.479572296142578,-0.14805793762207,-0.479572296142578,-0.0250339508056641,-0.479572296142578,-0.274896621704102,-0.479572296142578,-0.0383853912353516,-0.479572296142578,-0.0545978546142578,-0.479572296142578,-0.0360012054443359,-0.479572296142578,-0.0932216644287109,-0.479572296142578,-0.0002740629555906
-0.480509757995605,-0.0450611114501953,-0.480509757995605,-0.147104263305664,-0.480509757995605,-0.0245571136474609,-0.480509757995605,-0.274419784545898,-0.480509757995605,-0.0388622283935547,-0.480509757995605,-0.0545978546142578,-0.480509757995605,-0.0364780426025391,-0.480509757995605,-0.0960826873779297,-0.480509757995605,-0.0002226424175376
-0.481525421142578,-0.0455379486083984,-0.481525421142578,-0.146627426147461,-0.481525421142578,-0.0236034393310547,-0.481525421142578,-0.274419784545898,-0.481525421142578,-0.0388622283935547,-0.481525421142578,-0.0545978546142578,-0.481525421142578,-0.0360012054443359,-0.481525421142578,-0.0960826873779297,-0.481525421142578,-0.0006437696336995
-0.482541084289551,-0.0450611114501953,-0.482541084289551,-0.147104263305664,-0.482541084289551,-0.0236034393310547,-0.482541084289551,-0.275015830993652,-0.482541084289551,-0.0388622283935547,-0.482541084289551,-0.0545978546142578,-0.482541084289551,-0.0364780426025391,-0.482541084289551,-0.0984668731689453,-0.482541084289551,-0.0001106648899924
-0.483478546142578,-0.0455379486083984,-0.483478546142578,-0.148534774780273,-0.483478546142578,-0.0245571136474609,-0.483478546142578,-0.275850296020508,-0.483478546142578,-0.0388622283935547,-0.483478546142578,-0.0545978546142578,-0.483478546142578,-0.0364780426025391,-0.483478546142578,-0.0994205474853516,-0.483478546142578,-0.0005350520950741
-0.484494209289551,-0.0460147857666016,-0.484494209289551,-0.14805793762207,-0.484494209289551,-0.0245571136474609,-0.484494209289551,-0.275373458862305,-0.484494209289551,-0.039219856262207,-0.484494209289551,-0.0545978546142578,-0.484494209289551,-0.0364780426025391,-0.484494209289551,-0.100851058959961,-0.484494209289551,-0.0009561578432718
-0.485509872436523,-0.0460147857666016,-0.485509872436523,-0.147104263305664,-0.485509872436523,-0.0245571136474609,-0.485509872436523,-0.276327133178711,-0.485509872436523,-0.0393390655517578,-0.485509872436523,-0.0555515289306641,-0.485509872436523,-0.037074089050293,-0.485509872436523,-0.103235244750977,-0.485509872436523,-0.0009015202522277
-0.486525535583496,-0.0450611114501953,-0.486525535583496,-0.14805793762207,-0.486525535583496,-0.0245571136474609,-0.486525535583496,-0.275850296020508,-0.486525535583496,-0.0398159027099609,-0.486525535583496,-0.0565052032470703,-0.486525535583496,-0.0379085540771484,-0.486525535583496,-0.104188919067383,-0.486525535583496,0.0
-0.487462997436523,-0.0464916229248047,-0.487462997436523,-0.147581100463867,-0.487462997436523,-0.0245571136474609,-0.487462997436523,-0.275850296020508,-0.487462997436523,-0.0398159027099609,-0.487462997436523,-0.0555515289306641,-0.487462997436523,-0.0374317169189453,-0.487462997436523,-0.107049942016602,-0.487462997436523,-0.0012701760473039
-0.488478660583496,-0.0455379486083984,-0.488478660583496,-0.14805793762207,-0.488478660583496,-0.0245571136474609,-0.488478660583496,-0.275850296020508,-0.488478660583496,-0.0407695770263672,-0.488478660583496,-0.0560283660888672,-0.488478660583496,-0.0360012054443359,-0.488478660583496,-0.108003616333008,-0.488478660583496,-0.0002602341453937
-0.489494323730469,-0.0464916229248047,-0.489494323730469,-0.14805793762207,-0.489494323730469,-0.0245571136474609,-0.489494323730469,-0.276803970336914,-0.489494323730469,-0.0398159027099609,-0.489494323730469,-0.0565052032470703,-0.489494323730469,-0.0369548797607422,-0.489494323730469,-0.110864639282227,-0.489494323730469,-0.0011581985197588
-0.490431785583496,-0.0474452972412109,-0.490431785583496,-0.148534774780273,-0.490431785583496,-0.0245571136474609,-0.490431785583496,-0.275850296020508,-0.490431785583496,-0.0407695770263672,-0.490431785583496,-0.0569820404052734,-0.490431785583496,-0.0374317169189453,-0.490431785583496,-0.111818313598633,-0.490431785583496,-0.0020604522981121
-0.491447448730469,-0.0469684600830078,-0.491447448730469,-0.14805793762207,-0.491447448730469,-0.0240802764892578,-0.491447448730469,-0.277280807495117,-0.491447448730469,-0.0402927398681641,-0.491447448730469,-0.0565052032470703,-0.491447448730469,-0.0369548797607422,-0.491447448730469,-0.113248825073242,-0.491447448730469,-0.0015279051978678
-0.492463111877441,-0.0469684600830078,-0.492463111877441,-0.148534774780273,-0.492463111877441,-0.0236034393310547,-0.492463111877441,-0.276327133178711,-0.492463111877441,-0.0407695770263672,-0.492463111877441,-0.0555515289306641,-0.492463111877441,-0.0369548797607422,-0.492463111877441,-0.116109848022461,-0.492463111877441,-0.0014716376123638
-0.493400573730469,-0.0469684600830078,-0.493400573730469,-0.14805793762207,-0.493400573730469,-0.0245571136474609,-0.493400573730469,-0.278234481811523,-0.493400573730469,-0.0417232513427734,-0.493400573730469,-0.0565052032470703,-0.493400573730469,-0.0383853912353516,-0.493400573730469,-0.119447708129883,-0.493400573730469,-0.0014191876592424
-0.494416236877441,-0.0469684600830078,-0.494416236877441,-0.14805793762207,-0.494416236877441,-0.0250339508056641,-0.494416236877441,-0.276803970336914,-0.494416236877441,-0.0417232513427734,-0.494416236877441,-0.0555515289306641,-0.494416236877441,-0.0374317169189453,-0.494416236877441,-0.121355056762695,-0.494416236877441,-0.0013629200737384
-0.495431900024414,-0.0469684600830078,-0.495431900024414,-0.149011611938477,-0.495431900024414,-0.0236034393310547,-0.495431900024414,-0.27775764465332,-0.495431900024414,-0.0407695770263672,-0.495431900024414,-0.0565052032470703,-0.495431900024414,-0.0388622283935547,-0.495431900024414,-0.12516975402832,-0.495431900024414,-0.0013072101316973
-0.496369361877441,-0.0474452972412109,-0.496369361877441,-0.148534774780273,-0.496369361877441,-0.0245571136474609,-0.496369361877441,-0.277280807495117,-0.496369361877441,-0.0426769256591797,-0.496369361877441,-0.0565052032470703,-0.496369361877441,-0.0374317169189453,-0.496369361877441,-0.128030776977539,-0.496369361877441,-0.0017326267518474
-0.497385025024414,-0.0474452972412109,-0.497385025024414,-0.149011611938477,-0.497385025024414,-0.0250339508056641,-0.497385025024414,-0.277280807495117,-0.497385025024414,-0.0417232513427734,-0.497385025024414,-0.057220458984375,-0.497385025024414,-0.0374317169189453,-0.497385025024414,-0.129461288452148,-0.497385025024414,-0.0016769168098063
-0.498400688171387,-0.0483989715576172,-0.498400688171387,-0.149011611938477,-0.498400688171387,-0.0245571136474609,-0.498400688171387,-0.27775764465332,-0.498400688171387,-0.0412464141845703,-0.498400688171387,-0.0579357147216797,-0.498400688171387,-0.0377893447875977,-0.498400688171387,-0.132322311401367,-0.498400688171387,-0.0025748811841714
-0.499416351318359,-0.0474452972412109,-0.499416351318359,-0.149011611938477,-0.499416351318359,-0.0245571136474609,-0.499416351318359,-0.27918815612793,-0.499416351318359,-0.0422000885009766,-0.499416351318359,-0.0579357147216797,-0.499416351318359,-0.0383853912353516,-0.499416351318359,-0.137090682983398,-0.499416351318359,-0.001565496925724
-0.500353813171387,-0.0460147857666016,-0.500353813171387,-0.149011611938477,-0.500353813171387,-0.0250339508056641,-0.500353813171387,-0.278234481811523,-0.500353813171387,-0.0426769256591797,-0.500353813171387,-0.0574588775634766,-0.500353813171387,-0.0379085540771484,-0.500353813171387,-0.139474868774414,-0.500353813171387,0.0
﻿,,,,,,,,,,,,,,,,,
