Sentence,mV,Hz,uA,Output,Concentration
Lowest trough value in cleaned_20mV 20Hz_µA_1.csv: -0.009536509113865152,20.0,20.0,1,-0.009536509113865152,0ng/mL
Lowest trough value in cleaned_20mV 20Hz_µA_2.csv: -0.009321067182933046,20.0,20.0,2,-0.009321067182933046,0ng/mL
Lowest trough value in cleaned_20mV 20Hz_µA_3.csv: -0.004533182917030698,20.0,20.0,3,-0.004533182917030698,0ng/mL
Lowest trough value in cleaned_20mV 20Hz_µA_5.csv: -0.003279933276759399,20.0,20.0,5,-0.003279933276759399,100ng/mL
Lowest trough value in cleaned_20mV 20Hz_µA_6.csv: -0.01604277740491826,20.0,20.0,6,-0.01604277740491826,100ng/mL
Lowest trough value in cleaned_20mV 20Hz_µA_7.csv: -0.007861734567552722,20.0,20.0,7,-0.007861734567552722,100ng/mL
Lowest trough value in cleaned_20mV 20Hz_µA_8.csv: -0.009802815902867218,20.0,20.0,8,-0.009802815902867218,100ng/mL
Lowest trough value in cleaned_20mV 20Hz_µA_9.csv: -0.008544550195517784,20.0,20.0,9,-0.008544550195517784,100ng/mL
Lowest trough value in cleaned_20mV 40Hz_µA_1.csv: -0.0313385825451232,20.0,40.0,1,-0.0313385825451232,0ng/mL
Lowest trough value in cleaned_20mV 40Hz_µA_2.csv: -0.019737734947345875,20.0,40.0,2,-0.019737734947345875,0ng/mL
Lowest trough value in cleaned_20mV 40Hz_µA_3.csv: -0.010692742354766673,20.0,40.0,3,-0.010692742354766673,0ng/mL
Lowest trough value in cleaned_20mV 40Hz_µA_5.csv: -0.0036480039427947974,20.0,40.0,5,-0.0036480039427947974,100ng/mL
Lowest trough value in cleaned_20mV 40Hz_µA_6.csv: -0.03090403226752629,20.0,40.0,6,-0.03090403226752629,100ng/mL
Lowest trough value in cleaned_20mV 40Hz_µA_7.csv: -0.022740755216305905,20.0,40.0,7,-0.022740755216305905,100ng/mL
Lowest trough value in cleaned_20mV 60Hz_µA_1.csv: 0.03583559501055983,20.0,60.0,1,0.03583559501055983,0ng/mL
Lowest trough value in cleaned_20mV 60Hz_µA_2.csv: 0.06273891699291045,20.0,60.0,2,0.06273891699291045,0ng/mL
Lowest trough value in cleaned_20mV 60Hz_µA_3.csv: 0.016237644981651936,20.0,60.0,3,0.016237644981651936,0ng/mL
Lowest trough value in cleaned_20mV 60Hz_µA_5.csv: 0.007826335682030838,20.0,60.0,5,0.007826335682030838,100ng/mL
Lowest trough value in cleaned_20mV 60Hz_µA_6.csv: -0.011024784907247454,20.0,60.0,6,-0.011024784907247454,100ng/mL
Lowest trough value in cleaned_20mV 60Hz_µA_7.csv: -0.0029796940510100345,20.0,60.0,7,-0.0029796940510100345,100ng/mL
Lowest trough value in cleaned_20mV 60Hz_µA_8.csv: -0.01327090738036904,20.0,60.0,8,-0.01327090738036904,100ng/mL
Lowest trough value in cleaned_20mV 80Hz_µA_1.csv: 0.019275422231692166,20.0,80.0,1,0.019275422231692166,0ng/mL
Lowest trough value in cleaned_20mV 80Hz_µA_2.csv: 0.07317995751447504,20.0,80.0,2,0.07317995751447504,0ng/mL
Lowest trough value in cleaned_20mV 80Hz_µA_3.csv: 0.04339752009050274,20.0,80.0,3,0.04339752009050274,0ng/mL
Lowest trough value in cleaned_20mV 80Hz_µA_4.csv: 0.007223344691889233,20.0,80.0,4,0.007223344691889233,0ng/mL
Lowest trough value in cleaned_20mV 80Hz_µA_5.csv: 0.004747787256498354,20.0,80.0,5,0.004747787256498354,100ng/mL
Lowest trough value in cleaned_20mV 80Hz_µA_6.csv: -0.00500511401515108,20.0,80.0,6,-0.00500511401515108,100ng/mL
Lowest trough value in cleaned_20mV 80Hz_µA_7.csv: -0.03194473449906446,20.0,80.0,7,-0.03194473449906446,100ng/mL
Lowest trough value in cleaned_20mV 80Hz_µA_8.csv: -0.02108190166652585,20.0,80.0,8,-0.02108190166652585,100ng/mL
Lowest trough value in cleaned_20mV 100Hz_µA_1.csv: 0.01867347481323517,20.0,100.0,1,0.01867347481323517,0ng/mL
Lowest trough value in cleaned_20mV 100Hz_µA_2.csv: 0.0913307209608697,20.0,100.0,2,0.0913307209608697,0ng/mL
Lowest trough value in cleaned_20mV 100Hz_µA_3.csv: 0.05160818338148676,20.0,100.0,3,0.05160818338148676,0ng/mL
Lowest trough value in cleaned_20mV 100Hz_µA_4.csv: 0.024765341804881602,20.0,100.0,4,0.024765341804881602,0ng/mL
Lowest trough value in cleaned_20mV 100Hz_µA_5.csv: 0.00744482928206483,20.0,100.0,5,0.00744482928206483,100ng/mL
Lowest trough value in cleaned_20mV 100Hz_µA_6.csv: -0.06812419794821922,20.0,100.0,6,-0.06812419794821922,100ng/mL
Lowest trough value in cleaned_20mV 100Hz_µA_7.csv: -0.033129226516293825,20.0,100.0,7,-0.033129226516293825,100ng/mL
Lowest trough value in cleaned_20mV 100Hz_µA_8.csv: -0.027619764458879065,20.0,100.0,8,-0.027619764458879065,100ng/mL
Lowest trough value in cleaned_20mV 150Hz_µA_1.csv: 0.016348272618896598,20.0,150.0,1,0.016348272618896598,0ng/mL
Lowest trough value in cleaned_20mV 150Hz_µA_2.csv: 0.1201083773402154,20.0,150.0,2,0.1201083773402154,0ng/mL
Lowest trough value in cleaned_20mV 150Hz_µA_3.csv: 0.07059714298285186,20.0,150.0,3,0.07059714298285186,0ng/mL
Lowest trough value in cleaned_20mV 150Hz_µA_4.csv: 0.02798366279949588,20.0,150.0,4,0.02798366279949588,0ng/mL
Lowest trough value in cleaned_20mV 150Hz_µA_5.csv: 0.015074452192074816,20.0,150.0,5,0.015074452192074816,100ng/mL
Lowest trough value in cleaned_20mV 150Hz_µA_6.csv: -0.08055930454517651,20.0,150.0,6,-0.08055930454517651,100ng/mL
Lowest trough value in cleaned_20mV 150Hz_µA_7.csv: -0.04290036276551751,20.0,150.0,7,-0.04290036276551751,100ng/mL
Lowest trough value in cleaned_20mV 150Hz_µA_8.csv: -0.03287277945567946,20.0,150.0,8,-0.03287277945567946,100ng/mL
Lowest trough value in cleaned_20mV 200Hz_µA_1.csv: -0.0967532258640636,20.0,200.0,1,-0.0967532258640636,0ng/mL
Lowest trough value in cleaned_20mV 200Hz_µA_2.csv: 0.15810086642283694,20.0,200.0,2,0.15810086642283694,0ng/mL
Lowest trough value in cleaned_20mV 200Hz_µA_3.csv: 0.08966444432370269,20.0,200.0,3,0.08966444432370269,0ng/mL
Lowest trough value in cleaned_20mV 200Hz_µA_4.csv: 0.04501401894836832,20.0,200.0,4,0.04501401894836832,0ng/mL
Lowest trough value in cleaned_20mV 200Hz_µA_5.csv: 0.022997983707339187,20.0,200.0,5,0.022997983707339187,100ng/mL
Lowest trough value in cleaned_20mV 200Hz_µA_6.csv: 0.013220402077692539,20.0,200.0,6,0.013220402077692539,100ng/mL
Lowest trough value in cleaned_20mV 200Hz_µA_7.csv: -0.05614893882540212,20.0,200.0,7,-0.05614893882540212,100ng/mL
Lowest trough value in cleaned_20mV 200Hz_µA_8.csv: -0.018816382691191458,20.0,200.0,8,-0.018816382691191458,100ng/mL
Lowest trough value in cleaned_20mV 300Hz_µA_1.csv: -0.07427579327832456,20.0,300.0,1,-0.07427579327832456,0ng/mL
Lowest trough value in cleaned_20mV 300Hz_µA_2.csv: 0.21728576381910591,20.0,300.0,2,0.21728576381910591,0ng/mL
Lowest trough value in cleaned_20mV 300Hz_µA_3.csv: 0.10294700168125526,20.0,300.0,3,0.10294700168125526,0ng/mL
Lowest trough value in cleaned_20mV 300Hz_µA_4.csv: 0.07590244679934671,20.0,300.0,4,0.07590244679934671,0ng/mL
Lowest trough value in cleaned_20mV 300Hz_µA_5.csv: 0.013588422326046068,20.0,300.0,5,0.013588422326046068,100ng/mL
Lowest trough value in cleaned_20mV 300Hz_µA_6.csv: 0.03979943640006112,20.0,300.0,6,0.03979943640006112,100ng/mL
Lowest trough value in cleaned_20mV 300Hz_µA_7.csv: -0.10007989373540294,20.0,300.0,7,-0.10007989373540294,100ng/mL
Lowest trough value in cleaned_20mV 300Hz_µA_8.csv: -0.04695674809606715,20.0,300.0,8,-0.04695674809606715,100ng/mL
Lowest trough value in cleaned_30mV 20Hz_µA_2.csv: -0.007021533732302354,30.0,20.0,2,-0.007021533732302354,0ng/mL
Lowest trough value in cleaned_30mV 20Hz_µA_4.csv: -0.006082233177184985,30.0,20.0,4,-0.006082233177184985,0ng/mL
Lowest trough value in cleaned_30mV 20Hz_µA_7.csv: -0.7949704561966897,30.0,20.0,7,-0.7949704561966897,100ng/mL
Lowest trough value in cleaned_30mV 40Hz_µA_1.csv: -0.016463619985902234,30.0,40.0,1,-0.016463619985902234,0ng/mL
Lowest trough value in cleaned_30mV 40Hz_µA_2.csv: -0.025321827120550644,30.0,40.0,2,-0.025321827120550644,0ng/mL
Lowest trough value in cleaned_30mV 40Hz_µA_3.csv: -0.014109001832828733,30.0,40.0,3,-0.014109001832828733,0ng/mL
Lowest trough value in cleaned_30mV 60Hz_µA_1.csv: 0.07806771649567579,30.0,60.0,1,0.07806771649567579,0ng/mL
Lowest trough value in cleaned_30mV 60Hz_µA_2.csv: 0.04747138608477458,30.0,60.0,2,0.04747138608477458,0ng/mL
Lowest trough value in cleaned_30mV 60Hz_µA_3.csv: 0.03694583234831743,30.0,60.0,3,0.03694583234831743,0ng/mL
Lowest trough value in cleaned_30mV 60Hz_µA_5.csv: 0.009328292704781638,30.0,60.0,5,0.009328292704781638,100ng/mL
Lowest trough value in cleaned_30mV 60Hz_µA_6.csv: -0.03334780340856003,30.0,60.0,6,-0.03334780340856003,100ng/mL
Lowest trough value in cleaned_30mV 60Hz_µA_7.csv: -0.022246130040907947,30.0,60.0,7,-0.022246130040907947,100ng/mL
Lowest trough value in cleaned_30mV 60Hz_µA_8.csv: -0.011145798835699883,30.0,60.0,8,-0.011145798835699883,100ng/mL
Lowest trough value in cleaned_30mV 80Hz_µA_1.csv: 0.09962744202313473,30.0,80.0,1,0.09962744202313473,0ng/mL
Lowest trough value in cleaned_30mV 80Hz_µA_2.csv: 0.04484379383150994,30.0,80.0,2,0.04484379383150994,0ng/mL
Lowest trough value in cleaned_30mV 80Hz_µA_3.csv: 0.04238081158527618,30.0,80.0,3,0.04238081158527618,0ng/mL
Lowest trough value in cleaned_30mV 80Hz_µA_5.csv: 0.010531853070085806,30.0,80.0,5,0.010531853070085806,100ng/mL
Lowest trough value in cleaned_30mV 80Hz_µA_6.csv: -0.034056319283167547,30.0,80.0,6,-0.034056319283167547,100ng/mL
Lowest trough value in cleaned_30mV 80Hz_µA_7.csv: -0.024812078094927387,30.0,80.0,7,-0.024812078094927387,100ng/mL
Lowest trough value in cleaned_30mV 80Hz_µA_8.csv: -0.019969234181377082,30.0,80.0,8,-0.019969234181377082,100ng/mL
Lowest trough value in cleaned_30mV 100Hz_µA_1.csv: 0.11200486230640905,30.0,100.0,1,0.11200486230640905,0ng/mL
Lowest trough value in cleaned_30mV 100Hz_µA_2.csv: 0.05086418479457566,30.0,100.0,2,0.05086418479457566,0ng/mL
Lowest trough value in cleaned_30mV 100Hz_µA_3.csv: 0.048609941449994504,30.0,100.0,3,0.048609941449994504,0ng/mL
Lowest trough value in cleaned_30mV 100Hz_µA_4.csv: 0.18973671573249973,30.0,100.0,4,0.18973671573249973,0ng/mL
Lowest trough value in cleaned_30mV 100Hz_µA_5.csv: 0.010034241921652337,30.0,100.0,5,0.010034241921652337,100ng/mL
Lowest trough value in cleaned_30mV 100Hz_µA_6.csv: -0.0429183645040917,30.0,100.0,6,-0.0429183645040917,100ng/mL
Lowest trough value in cleaned_30mV 100Hz_µA_7.csv: -0.030211799854891253,30.0,100.0,7,-0.030211799854891253,100ng/mL
Lowest trough value in cleaned_30mV 100Hz_µA_8.csv: -0.025571589636171066,30.0,100.0,8,-0.025571589636171066,100ng/mL
Lowest trough value in cleaned_30mV 150Hz_µA_1.csv: 0.14904073577804755,30.0,150.0,1,0.14904073577804755,0ng/mL
Lowest trough value in cleaned_30mV 150Hz_µA_2.csv: 0.06145915172188232,30.0,150.0,2,0.06145915172188232,0ng/mL
Lowest trough value in cleaned_30mV 150Hz_µA_3.csv: 0.05586527287477008,30.0,150.0,3,0.05586527287477008,0ng/mL
Lowest trough value in cleaned_30mV 150Hz_µA_4.csv: 0.26528766266642667,30.0,150.0,4,0.26528766266642667,0ng/mL
Lowest trough value in cleaned_30mV 150Hz_µA_5.csv: 0.024926099286906533,30.0,150.0,5,0.024926099286906533,100ng/mL
Lowest trough value in cleaned_30mV 150Hz_µA_6.csv: -0.06296119246142307,30.0,150.0,6,-0.06296119246142307,100ng/mL
Lowest trough value in cleaned_30mV 150Hz_µA_7.csv: -0.0496827138297018,30.0,150.0,7,-0.0496827138297018,100ng/mL
Lowest trough value in cleaned_30mV 150Hz_µA_8.csv: -0.03081608024954091,30.0,150.0,8,-0.03081608024954091,100ng/mL
Lowest trough value in cleaned_30mV 200Hz_µA_1.csv: 0.17050709039518885,30.0,200.0,1,0.17050709039518885,0ng/mL
Lowest trough value in cleaned_30mV 200Hz_µA_2.csv: 0.09864261735148494,30.0,200.0,2,0.09864261735148494,0ng/mL
Lowest trough value in cleaned_30mV 200Hz_µA_3.csv: 0.08255251092759908,30.0,200.0,3,0.08255251092759908,0ng/mL
Lowest trough value in cleaned_30mV 200Hz_µA_4.csv: 0.3460842079610804,30.0,200.0,4,0.3460842079610804,0ng/mL
Lowest trough value in cleaned_30mV 200Hz_µA_5.csv: 0.02434023666226387,30.0,200.0,5,0.02434023666226387,100ng/mL
Lowest trough value in cleaned_30mV 200Hz_µA_6.csv: -0.07178662105386235,30.0,200.0,6,-0.07178662105386235,100ng/mL
Lowest trough value in cleaned_30mV 200Hz_µA_7.csv: -0.04838903073152767,30.0,200.0,7,-0.04838903073152767,100ng/mL
Lowest trough value in cleaned_30mV 200Hz_µA_8.csv: -0.0450553356080981,30.0,200.0,8,-0.0450553356080981,100ng/mL
Lowest trough value in cleaned_30mV 300Hz_µA_1.csv: 0.23524149285553575,30.0,300.0,1,0.23524149285553575,0ng/mL
Lowest trough value in cleaned_30mV 300Hz_µA_2.csv: 0.1472764154164956,30.0,300.0,2,0.1472764154164956,0ng/mL
Lowest trough value in cleaned_30mV 300Hz_µA_3.csv: 0.11045195797450424,30.0,300.0,3,0.11045195797450424,0ng/mL
Lowest trough value in cleaned_30mV 300Hz_µA_4.csv: 0.46058069015914205,30.0,300.0,4,0.46058069015914205,0ng/mL
Lowest trough value in cleaned_30mV 300Hz_µA_5.csv: 0.04576162602447331,30.0,300.0,5,0.04576162602447331,100ng/mL
Lowest trough value in cleaned_30mV 300Hz_µA_6.csv: -0.08264454015958755,30.0,300.0,6,-0.08264454015958755,100ng/mL
Lowest trough value in cleaned_30mV 300Hz_µA_7.csv: -0.041965922127051636,30.0,300.0,7,-0.041965922127051636,100ng/mL
Lowest trough value in cleaned_30mV 300Hz_µA_8.csv: -0.03218083664511706,30.0,300.0,8,-0.03218083664511706,100ng/mL
Lowest trough value in cleaned_40mV 10Hz_µA_1.csv: -0.6307832956037016,40.0,10.0,1,-0.6307832956037016,0ng/mL
Lowest trough value in cleaned_40mV 10Hz_µA_6.csv: -0.604746604785452,40.0,10.0,6,-0.604746604785452,100ng/mL
Lowest trough value in cleaned_40mV 10Hz_µA_7.csv: -0.6025404197362948,40.0,10.0,7,-0.6025404197362948,100ng/mL
Lowest trough value in cleaned_40mV 20Hz_µA_1.csv: -0.8559135017750599,40.0,20.0,1,-0.8559135017750599,0ng/mL
Lowest trough value in cleaned_40mV 20Hz_µA_7.csv: -0.6891981663661642,40.0,20.0,7,-0.6891981663661642,100ng/mL
Lowest trough value in cleaned_40mV 40Hz_µA_1.csv: -1.1222475151209323,40.0,40.0,1,-1.1222475151209323,0ng/mL
Lowest trough value in cleaned_40mV 40Hz_µA_2.csv: -0.02405370340367008,40.0,40.0,2,-0.02405370340367008,0ng/mL
Lowest trough value in cleaned_40mV 40Hz_µA_3.csv: -0.014964067343160886,40.0,40.0,3,-0.014964067343160886,0ng/mL
Lowest trough value in cleaned_40mV 60Hz_µA_1.csv: 0.0937348161665626,40.0,60.0,1,0.0937348161665626,0ng/mL
Lowest trough value in cleaned_40mV 60Hz_µA_2.csv: 0.06778640122178492,40.0,60.0,2,0.06778640122178492,0ng/mL
Lowest trough value in cleaned_40mV 60Hz_µA_3.csv: 0.059096706000804786,40.0,60.0,3,0.059096706000804786,0ng/mL
Lowest trough value in cleaned_40mV 60Hz_µA_5.csv: 0.015125524037051863,40.0,60.0,5,0.015125524037051863,100ng/mL
Lowest trough value in cleaned_40mV 60Hz_µA_6.csv: 0.043178250638207905,40.0,60.0,6,0.043178250638207905,100ng/mL
Lowest trough value in cleaned_40mV 60Hz_µA_7.csv: -0.010302548677354167,40.0,60.0,7,-0.010302548677354167,100ng/mL
Lowest trough value in cleaned_40mV 60Hz_µA_8.csv: 0.015727583385020616,40.0,60.0,8,0.015727583385020616,100ng/mL
Lowest trough value in cleaned_40mV 80Hz_µA_1.csv: 0.1529618541538601,40.0,80.0,1,0.1529618541538601,0ng/mL
Lowest trough value in cleaned_40mV 80Hz_µA_2.csv: 0.07238871638682087,40.0,80.0,2,0.07238871638682087,0ng/mL
Lowest trough value in cleaned_40mV 80Hz_µA_3.csv: 0.06580304062311754,40.0,80.0,3,0.06580304062311754,0ng/mL
Lowest trough value in cleaned_40mV 80Hz_µA_5.csv: 0.01734727644688705,40.0,80.0,5,0.01734727644688705,100ng/mL
Lowest trough value in cleaned_40mV 80Hz_µA_6.csv: 0.11246426645547863,40.0,80.0,6,0.11246426645547863,100ng/mL
Lowest trough value in cleaned_40mV 80Hz_µA_7.csv: -0.01992978969098147,40.0,80.0,7,-0.01992978969098147,100ng/mL
Lowest trough value in cleaned_40mV 80Hz_µA_8.csv: 0.012490114533984076,40.0,80.0,8,0.012490114533984076,100ng/mL
Lowest trough value in cleaned_40mV 100Hz_µA_1.csv: 0.1686291937402175,40.0,100.0,1,0.1686291937402175,0ng/mL
Lowest trough value in cleaned_40mV 100Hz_µA_2.csv: 0.08100367045741108,40.0,100.0,2,0.08100367045741108,0ng/mL
Lowest trough value in cleaned_40mV 100Hz_µA_3.csv: 0.07760305060880557,40.0,100.0,3,0.07760305060880557,0ng/mL
Lowest trough value in cleaned_40mV 100Hz_µA_5.csv: 0.014800076519959349,40.0,100.0,5,0.014800076519959349,100ng/mL
Lowest trough value in cleaned_40mV 100Hz_µA_6.csv: 0.1341931787602364,40.0,100.0,6,0.1341931787602364,100ng/mL
Lowest trough value in cleaned_40mV 100Hz_µA_7.csv: -0.030860301075953944,40.0,100.0,7,-0.030860301075953944,100ng/mL
Lowest trough value in cleaned_40mV 100Hz_µA_8.csv: 0.0005855307097640261,40.0,100.0,8,0.0005855307097640261,100ng/mL
Lowest trough value in cleaned_40mV 150Hz_µA_1.csv: 0.21382294951724967,40.0,150.0,1,0.21382294951724967,0ng/mL
Lowest trough value in cleaned_40mV 150Hz_µA_2.csv: 0.1036457470264116,40.0,150.0,2,0.1036457470264116,0ng/mL
Lowest trough value in cleaned_40mV 150Hz_µA_3.csv: 0.10910006662922922,40.0,150.0,3,0.10910006662922922,0ng/mL
Lowest trough value in cleaned_40mV 150Hz_µA_4.csv: 0.06906389047104944,40.0,150.0,4,0.06906389047104944,0ng/mL
Lowest trough value in cleaned_40mV 150Hz_µA_5.csv: 0.03318531061846991,40.0,150.0,5,0.03318531061846991,100ng/mL
Lowest trough value in cleaned_40mV 150Hz_µA_6.csv: 0.15408316353565055,40.0,150.0,6,0.15408316353565055,100ng/mL
Lowest trough value in cleaned_40mV 150Hz_µA_7.csv: -0.031059734850423903,40.0,150.0,7,-0.031059734850423903,100ng/mL
Lowest trough value in cleaned_40mV 150Hz_µA_8.csv: -0.011804061820909484,40.0,150.0,8,-0.011804061820909484,100ng/mL
Lowest trough value in cleaned_40mV 200Hz_µA_1.csv: 0.2595164457232497,40.0,200.0,1,0.2595164457232497,0ng/mL
Lowest trough value in cleaned_40mV 200Hz_µA_2.csv: 0.1401374445430239,40.0,200.0,2,0.1401374445430239,0ng/mL
Lowest trough value in cleaned_40mV 200Hz_µA_3.csv: 0.13127259992735457,40.0,200.0,3,0.13127259992735457,0ng/mL
Lowest trough value in cleaned_40mV 200Hz_µA_4.csv: 0.0721309396943024,40.0,200.0,4,0.0721309396943024,0ng/mL
Lowest trough value in cleaned_40mV 200Hz_µA_5.csv: 0.03868842798683103,40.0,200.0,5,0.03868842798683103,100ng/mL
Lowest trough value in cleaned_40mV 200Hz_µA_6.csv: 0.18381150836301297,40.0,200.0,6,0.18381150836301297,100ng/mL
Lowest trough value in cleaned_40mV 200Hz_µA_7.csv: -0.05628234534220666,40.0,200.0,7,-0.05628234534220666,100ng/mL
Lowest trough value in cleaned_40mV 200Hz_µA_8.csv: -0.013410721305168405,40.0,200.0,8,-0.013410721305168405,100ng/mL
Lowest trough value in cleaned_40mV 300Hz_µA_1.csv: 0.34763594466537917,40.0,300.0,1,0.34763594466537917,0ng/mL
Lowest trough value in cleaned_40mV 300Hz_µA_2.csv: 0.20591614369951183,40.0,300.0,2,0.20591614369951183,0ng/mL
Lowest trough value in cleaned_40mV 300Hz_µA_3.csv: 0.18847941739198593,40.0,300.0,3,0.18847941739198593,0ng/mL
Lowest trough value in cleaned_40mV 300Hz_µA_4.csv: 0.11347181291097197,40.0,300.0,4,0.11347181291097197,0ng/mL
Lowest trough value in cleaned_40mV 300Hz_µA_5.csv: 0.0665229423561613,40.0,300.0,5,0.0665229423561613,100ng/mL
Lowest trough value in cleaned_40mV 300Hz_µA_6.csv: 0.25676001209791655,40.0,300.0,6,0.25676001209791655,100ng/mL
Lowest trough value in cleaned_40mV 300Hz_µA_7.csv: -0.06038942085553245,40.0,300.0,7,-0.06038942085553245,100ng/mL
Lowest trough value in cleaned_40mV 300Hz_µA_8.csv: -0.0184784901475612,40.0,300.0,8,-0.0184784901475612,100ng/mL
Lowest trough value in cleaned_50mV 20Hz_µA_1.csv: -0.9551057100623714,50.0,20.0,1,-0.9551057100623714,0ng/mL
Lowest trough value in cleaned_50mV 20Hz_µA_7.csv: -0.8534997880272956,50.0,20.0,7,-0.8534997880272956,100ng/mL
Lowest trough value in cleaned_50mV 40Hz_µA_1.csv: -1.3102784468059085,50.0,40.0,1,-1.3102784468059085,0ng/mL
Lowest trough value in cleaned_50mV 40Hz_µA_2.csv: -0.02643574140209709,50.0,40.0,2,-0.02643574140209709,0ng/mL
Lowest trough value in cleaned_50mV 40Hz_µA_3.csv: -0.013841016490012542,50.0,40.0,3,-0.013841016490012542,0ng/mL
Lowest trough value in cleaned_50mV 60Hz_µA_1.csv: 0.12648625539599279,50.0,60.0,1,0.12648625539599279,0ng/mL
Lowest trough value in cleaned_50mV 60Hz_µA_2.csv: 0.10771239595963189,50.0,60.0,2,0.10771239595963189,0ng/mL
Lowest trough value in cleaned_50mV 60Hz_µA_3.csv: 0.08308890350409387,50.0,60.0,3,0.08308890350409387,0ng/mL
Lowest trough value in cleaned_50mV 60Hz_µA_5.csv: 0.027833622495090582,50.0,60.0,5,0.027833622495090582,100ng/mL
Lowest trough value in cleaned_50mV 60Hz_µA_6.csv: 0.14914807480565712,50.0,60.0,6,0.14914807480565712,100ng/mL
Lowest trough value in cleaned_50mV 60Hz_µA_8.csv: 0.04674190125043329,50.0,60.0,8,0.04674190125043329,100ng/mL
Lowest trough value in cleaned_50mV 80Hz_µA_1.csv: 0.21385044641530682,50.0,80.0,1,0.21385044641530682,0ng/mL
Lowest trough value in cleaned_50mV 80Hz_µA_2.csv: 0.10920123485244537,50.0,80.0,2,0.10920123485244537,0ng/mL
Lowest trough value in cleaned_50mV 80Hz_µA_3.csv: 0.09819716360487468,50.0,80.0,3,0.09819716360487468,0ng/mL
Lowest trough value in cleaned_50mV 80Hz_µA_5.csv: 0.027045901766896918,50.0,80.0,5,0.027045901766896918,100ng/mL
Lowest trough value in cleaned_50mV 80Hz_µA_6.csv: 0.1472259431435669,50.0,80.0,6,0.1472259431435669,100ng/mL
Lowest trough value in cleaned_50mV 80Hz_µA_7.csv: -0.018634932893294376,50.0,80.0,7,-0.018634932893294376,100ng/mL
Lowest trough value in cleaned_50mV 80Hz_µA_8.csv: 0.03680588101372845,50.0,80.0,8,0.03680588101372845,100ng/mL
Lowest trough value in cleaned_50mV 100Hz_µA_1.csv: 0.21648493126729884,50.0,100.0,1,0.21648493126729884,0ng/mL
Lowest trough value in cleaned_50mV 100Hz_µA_2.csv: 0.1192364340325599,50.0,100.0,2,0.1192364340325599,0ng/mL
Lowest trough value in cleaned_50mV 100Hz_µA_3.csv: 0.10933070916152116,50.0,100.0,3,0.10933070916152116,0ng/mL
Lowest trough value in cleaned_50mV 100Hz_µA_5.csv: 0.03126141731769133,50.0,100.0,5,0.03126141731769133,100ng/mL
Lowest trough value in cleaned_50mV 100Hz_µA_6.csv: 0.14932231217381187,50.0,100.0,6,0.14932231217381187,100ng/mL
Lowest trough value in cleaned_50mV 100Hz_µA_7.csv: -0.0303362059853875,50.0,100.0,7,-0.0303362059853875,100ng/mL
Lowest trough value in cleaned_50mV 100Hz_µA_8.csv: 0.032992685287150825,50.0,100.0,8,0.032992685287150825,100ng/mL
Lowest trough value in cleaned_50mV 150Hz_µA_1.csv: 0.25885397064947335,50.0,150.0,1,0.25885397064947335,0ng/mL
Lowest trough value in cleaned_50mV 150Hz_µA_2.csv: 0.14041701524603867,50.0,150.0,2,0.14041701524603867,0ng/mL
Lowest trough value in cleaned_50mV 150Hz_µA_3.csv: 0.14121464706079312,50.0,150.0,3,0.14121464706079312,0ng/mL
Lowest trough value in cleaned_50mV 150Hz_µA_4.csv: 0.2182212776091308,50.0,150.0,4,0.2182212776091308,0ng/mL
Lowest trough value in cleaned_50mV 150Hz_µA_5.csv: 0.04171915866557724,50.0,150.0,5,0.04171915866557724,100ng/mL
Lowest trough value in cleaned_50mV 150Hz_µA_6.csv: 0.16046287447643137,50.0,150.0,6,0.16046287447643137,100ng/mL
Lowest trough value in cleaned_50mV 150Hz_µA_7.csv: -0.025696597513127695,50.0,150.0,7,-0.025696597513127695,100ng/mL
Lowest trough value in cleaned_50mV 150Hz_µA_8.csv: 0.019479080774363833,50.0,150.0,8,0.019479080774363833,100ng/mL
Lowest trough value in cleaned_50mV 200Hz_µA_1.csv: 0.2787812267033183,50.0,200.0,1,0.2787812267033183,0ng/mL
Lowest trough value in cleaned_50mV 200Hz_µA_2.csv: 0.1841875858860038,50.0,200.0,2,0.1841875858860038,0ng/mL
Lowest trough value in cleaned_50mV 200Hz_µA_3.csv: 0.18167389035824877,50.0,200.0,3,0.18167389035824877,0ng/mL
Lowest trough value in cleaned_50mV 200Hz_µA_4.csv: 0.3283302510114774,50.0,200.0,4,0.3283302510114774,0ng/mL
Lowest trough value in cleaned_50mV 200Hz_µA_5.csv: 0.05705956361343911,50.0,200.0,5,0.05705956361343911,100ng/mL
Lowest trough value in cleaned_50mV 200Hz_µA_6.csv: 0.15738582073910545,50.0,200.0,6,0.15738582073910545,100ng/mL
Lowest trough value in cleaned_50mV 200Hz_µA_7.csv: -0.03803422969280068,50.0,200.0,7,-0.03803422969280068,100ng/mL
Lowest trough value in cleaned_50mV 200Hz_µA_8.csv: 0.01726730926781872,50.0,200.0,8,0.01726730926781872,100ng/mL
Lowest trough value in cleaned_50mV 300Hz_µA_1.csv: 0.40259050542272545,50.0,300.0,1,0.40259050542272545,0ng/mL
Lowest trough value in cleaned_50mV 300Hz_µA_2.csv: 0.2610692960943308,50.0,300.0,2,0.2610692960943308,0ng/mL
Lowest trough value in cleaned_50mV 300Hz_µA_3.csv: 0.2256650518904748,50.0,300.0,3,0.2256650518904748,0ng/mL
Lowest trough value in cleaned_50mV 300Hz_µA_4.csv: 0.4433681682653563,50.0,300.0,4,0.4433681682653563,0ng/mL
Lowest trough value in cleaned_50mV 300Hz_µA_5.csv: 0.08767763861290079,50.0,300.0,5,0.08767763861290079,100ng/mL
Lowest trough value in cleaned_50mV 300Hz_µA_6.csv: 0.21211032850069222,50.0,300.0,6,0.21211032850069222,100ng/mL
Lowest trough value in cleaned_50mV 300Hz_µA_7.csv: -0.06938837497071393,50.0,300.0,7,-0.06938837497071393,100ng/mL
Lowest trough value in cleaned_50mV 300Hz_µA_8.csv: 0.009066743393091103,50.0,300.0,8,0.009066743393091103,100ng/mL
Lowest trough value in cleaned_60mV 80Hz_µA_1.csv: 0.142989331763213,60.0,80.0,1,0.142989331763213,0ng/mL
Lowest trough value in cleaned_60mV 80Hz_µA_2.csv: 0.16187613738219975,60.0,80.0,2,0.16187613738219975,0ng/mL
Lowest trough value in cleaned_60mV 80Hz_µA_3.csv: 0.13035718917408487,60.0,80.0,3,0.13035718917408487,0ng/mL
Lowest trough value in cleaned_60mV 80Hz_µA_5.csv: 0.04327077750094355,60.0,80.0,5,0.04327077750094355,100ng/mL
Lowest trough value in cleaned_60mV 80Hz_µA_6.csv: 0.16869985166174328,60.0,80.0,6,0.16869985166174328,100ng/mL
Lowest trough value in cleaned_60mV 80Hz_µA_8.csv: 0.0747277065151486,60.0,80.0,8,0.0747277065151486,100ng/mL
Lowest trough value in cleaned_60mV 100Hz_µA_1.csv: 0.2071400037086487,60.0,100.0,1,0.2071400037086487,0ng/mL
Lowest trough value in cleaned_60mV 100Hz_µA_2.csv: 0.17060863888507427,60.0,100.0,2,0.17060863888507427,0ng/mL
Lowest trough value in cleaned_60mV 100Hz_µA_3.csv: 0.15122121920604167,60.0,100.0,3,0.15122121920604167,0ng/mL
Lowest trough value in cleaned_60mV 100Hz_µA_5.csv: 0.04776698529170903,60.0,100.0,5,0.04776698529170903,100ng/mL
Lowest trough value in cleaned_60mV 100Hz_µA_6.csv: 0.19905628913369555,60.0,100.0,6,0.19905628913369555,100ng/mL
Lowest trough value in cleaned_60mV 100Hz_µA_8.csv: 0.05996359984440691,60.0,100.0,8,0.05996359984440691,100ng/mL
Lowest trough value in cleaned_60mV 150Hz_µA_1.csv: 0.23441974660065812,60.0,150.0,1,0.23441974660065812,0ng/mL
Lowest trough value in cleaned_60mV 150Hz_µA_2.csv: 0.20745282470379234,60.0,150.0,2,0.20745282470379234,0ng/mL
Lowest trough value in cleaned_60mV 150Hz_µA_3.csv: 0.18127070181324295,60.0,150.0,3,0.18127070181324295,0ng/mL
Lowest trough value in cleaned_60mV 150Hz_µA_5.csv: 0.05778235151439759,60.0,150.0,5,0.05778235151439759,100ng/mL
Lowest trough value in cleaned_60mV 150Hz_µA_6.csv: 0.23464122166325696,60.0,150.0,6,0.23464122166325696,100ng/mL
Lowest trough value in cleaned_60mV 150Hz_µA_7.csv: -0.033800523091661594,60.0,150.0,7,-0.033800523091661594,100ng/mL
Lowest trough value in cleaned_60mV 150Hz_µA_8.csv: 0.05006379320452414,60.0,150.0,8,0.05006379320452414,100ng/mL
Lowest trough value in cleaned_60mV 200Hz_µA_1.csv: 0.2664991667541625,60.0,200.0,1,0.2664991667541625,0ng/mL
Lowest trough value in cleaned_60mV 200Hz_µA_2.csv: 0.24911481669297997,60.0,200.0,2,0.24911481669297997,0ng/mL
Lowest trough value in cleaned_60mV 200Hz_µA_3.csv: 0.2355862105751838,60.0,200.0,3,0.2355862105751838,0ng/mL
Lowest trough value in cleaned_60mV 200Hz_µA_4.csv: 0.19525739301694855,60.0,200.0,4,0.19525739301694855,0ng/mL
Lowest trough value in cleaned_60mV 200Hz_µA_5.csv: 0.06500317542519596,60.0,200.0,5,0.06500317542519596,100ng/mL
Lowest trough value in cleaned_60mV 200Hz_µA_6.csv: 0.251717633326636,60.0,200.0,6,0.251717633326636,100ng/mL
Lowest trough value in cleaned_60mV 200Hz_µA_7.csv: -0.05216166542853995,60.0,200.0,7,-0.05216166542853995,100ng/mL
Lowest trough value in cleaned_60mV 200Hz_µA_8.csv: 0.042513856053933985,60.0,200.0,8,0.042513856053933985,100ng/mL
Lowest trough value in cleaned_60mV 300Hz_µA_1.csv: 0.411805642540211,60.0,300.0,1,0.411805642540211,0ng/mL
Lowest trough value in cleaned_60mV 300Hz_µA_2.csv: 0.34565327900450526,60.0,300.0,2,0.34565327900450526,0ng/mL
Lowest trough value in cleaned_60mV 300Hz_µA_3.csv: 0.3231991197152113,60.0,300.0,3,0.3231991197152113,0ng/mL
Lowest trough value in cleaned_60mV 300Hz_µA_4.csv: 0.28700186128443095,60.0,300.0,4,0.28700186128443095,0ng/mL
Lowest trough value in cleaned_60mV 300Hz_µA_5.csv: 0.13160610063464717,60.0,300.0,5,0.13160610063464717,100ng/mL
Lowest trough value in cleaned_60mV 300Hz_µA_6.csv: 0.3114595237242479,60.0,300.0,6,0.3114595237242479,100ng/mL
Lowest trough value in cleaned_60mV 300Hz_µA_7.csv: -0.053354154752020655,60.0,300.0,7,-0.053354154752020655,100ng/mL
Lowest trough value in cleaned_60mV 300Hz_µA_8.csv: 0.04431237345356043,60.0,300.0,8,0.04431237345356043,100ng/mL
Lowest trough value in cleaned_70mV 20Hz_µA_1.csv: -1.1868428935724897,70.0,20.0,1,-1.1868428935724897,0ng/mL
Lowest trough value in cleaned_70mV 20Hz_µA_7.csv: -1.1165279675952258,70.0,20.0,7,-1.1165279675952258,100ng/mL
Lowest trough value in cleaned_70mV 40Hz_µA_1.csv: -1.7200308711786678,70.0,40.0,1,-1.7200308711786678,0ng/mL
Lowest trough value in cleaned_70mV 40Hz_µA_2.csv: -0.015656129315521294,70.0,40.0,2,-0.015656129315521294,0ng/mL
Lowest trough value in cleaned_70mV 40Hz_µA_3.csv: -0.008481386304793073,70.0,40.0,3,-0.008481386304793073,0ng/mL
Lowest trough value in cleaned_70mV 60Hz_µA_2.csv: 0.18936200178571638,70.0,60.0,2,0.18936200178571638,0ng/mL
Lowest trough value in cleaned_70mV 60Hz_µA_5.csv: 0.05223810979269922,70.0,60.0,5,0.05223810979269922,100ng/mL
Lowest trough value in cleaned_70mV 60Hz_µA_6.csv: 0.20623781775800537,70.0,60.0,6,0.20623781775800537,100ng/mL
Lowest trough value in cleaned_70mV 60Hz_µA_7.csv: 0.0012512173048742636,70.0,60.0,7,0.0012512173048742636,100ng/mL
Lowest trough value in cleaned_70mV 60Hz_µA_8.csv: 0.14244457358066143,70.0,60.0,8,0.14244457358066143,100ng/mL
Lowest trough value in cleaned_70mV 80Hz_µA_2.csv: 0.21564453241984838,70.0,80.0,2,0.21564453241984838,0ng/mL
Lowest trough value in cleaned_70mV 80Hz_µA_3.csv: 0.17299914321900253,70.0,80.0,3,0.17299914321900253,0ng/mL
Lowest trough value in cleaned_70mV 80Hz_µA_5.csv: 0.06084764570058526,70.0,80.0,5,0.06084764570058526,100ng/mL
Lowest trough value in cleaned_70mV 80Hz_µA_6.csv: 0.20966048912786328,70.0,80.0,6,0.20966048912786328,100ng/mL
Lowest trough value in cleaned_70mV 80Hz_µA_8.csv: 0.14998731534355358,70.0,80.0,8,0.14998731534355358,100ng/mL
Lowest trough value in cleaned_70mV 100Hz_µA_1.csv: 0.4506361728274787,70.0,100.0,1,0.4506361728274787,0ng/mL
Lowest trough value in cleaned_70mV 100Hz_µA_2.csv: 0.24275889014714602,70.0,100.0,2,0.24275889014714602,0ng/mL
Lowest trough value in cleaned_70mV 100Hz_µA_3.csv: 0.19402140538095125,70.0,100.0,3,0.19402140538095125,0ng/mL
Lowest trough value in cleaned_70mV 100Hz_µA_5.csv: 0.0763524488382556,70.0,100.0,5,0.0763524488382556,100ng/mL
Lowest trough value in cleaned_70mV 100Hz_µA_6.csv: 0.1855754240793419,70.0,100.0,6,0.1855754240793419,100ng/mL
Lowest trough value in cleaned_70mV 100Hz_µA_8.csv: 0.15039958513928642,70.0,100.0,8,0.15039958513928642,100ng/mL
Lowest trough value in cleaned_70mV 150Hz_µA_1.csv: 0.5740234623100682,70.0,150.0,1,0.5740234623100682,0ng/mL
Lowest trough value in cleaned_70mV 150Hz_µA_2.csv: 0.2812486820555782,70.0,150.0,2,0.2812486820555782,0ng/mL
Lowest trough value in cleaned_70mV 150Hz_µA_3.csv: 0.2386176690456141,70.0,150.0,3,0.2386176690456141,0ng/mL
Lowest trough value in cleaned_70mV 150Hz_µA_5.csv: 0.08960014462016685,70.0,150.0,5,0.08960014462016685,100ng/mL
Lowest trough value in cleaned_70mV 150Hz_µA_6.csv: 0.20001457363998842,70.0,150.0,6,0.20001457363998842,100ng/mL
Lowest trough value in cleaned_70mV 150Hz_µA_7.csv: -3.36202815720633,70.0,150.0,7,-3.36202815720633,100ng/mL
Lowest trough value in cleaned_70mV 150Hz_µA_8.csv: 0.14575206808552532,70.0,150.0,8,0.14575206808552532,100ng/mL
Lowest trough value in cleaned_70mV 200Hz_µA_1.csv: 0.6487302507597263,70.0,200.0,1,0.6487302507597263,0ng/mL
Lowest trough value in cleaned_70mV 200Hz_µA_2.csv: 0.3305940674946113,70.0,200.0,2,0.3305940674946113,0ng/mL
Lowest trough value in cleaned_70mV 200Hz_µA_3.csv: 0.2910601369778901,70.0,200.0,3,0.2910601369778901,0ng/mL
Lowest trough value in cleaned_70mV 200Hz_µA_5.csv: 0.10727167031500395,70.0,200.0,5,0.10727167031500395,100ng/mL
Lowest trough value in cleaned_70mV 200Hz_µA_6.csv: 0.18292654996309943,70.0,200.0,6,0.18292654996309943,100ng/mL
Lowest trough value in cleaned_70mV 200Hz_µA_7.csv: -0.039618834211769594,70.0,200.0,7,-0.039618834211769594,100ng/mL
Lowest trough value in cleaned_70mV 200Hz_µA_8.csv: 0.1312177059636057,70.0,200.0,8,0.1312177059636057,100ng/mL
Lowest trough value in cleaned_70mV 300Hz_µA_1.csv: 0.7944069627386643,70.0,300.0,1,0.7944069627386643,0ng/mL
Lowest trough value in cleaned_70mV 300Hz_µA_2.csv: 0.4224296700572401,70.0,300.0,2,0.4224296700572401,0ng/mL
Lowest trough value in cleaned_70mV 300Hz_µA_3.csv: 0.41049586036126073,70.0,300.0,3,0.41049586036126073,0ng/mL
Lowest trough value in cleaned_70mV 300Hz_µA_4.csv: 0.5709734838280078,70.0,300.0,4,0.5709734838280078,0ng/mL
Lowest trough value in cleaned_70mV 300Hz_µA_5.csv: 0.15540962057516428,70.0,300.0,5,0.15540962057516428,100ng/mL
Lowest trough value in cleaned_70mV 300Hz_µA_6.csv: 0.22447979963669784,70.0,300.0,6,0.22447979963669784,100ng/mL
Lowest trough value in cleaned_70mV 300Hz_µA_7.csv: -0.03552295011350037,70.0,300.0,7,-0.03552295011350037,100ng/mL
Lowest trough value in cleaned_70mV 300Hz_µA_8.csv: 0.14680037600547569,70.0,300.0,8,0.14680037600547569,100ng/mL
Lowest trough value in cleaned_80mV 20Hz_µA_1.csv: -1.3157353662376314,80.0,20.0,1,-1.3157353662376314,0ng/mL
Lowest trough value in cleaned_80mV 20Hz_µA_7.csv: -1.0523399305792136,80.0,20.0,7,-1.0523399305792136,100ng/mL
Lowest trough value in cleaned_80mV 40Hz_µA_2.csv: -0.013616345255272666,80.0,40.0,2,-0.013616345255272666,0ng/mL
Lowest trough value in cleaned_80mV 40Hz_µA_3.csv: -0.006319173261892033,80.0,40.0,3,-0.006319173261892033,0ng/mL
Lowest trough value in cleaned_80mV 60Hz_µA_2.csv: 0.23985625831796453,80.0,60.0,2,0.23985625831796453,0ng/mL
Lowest trough value in cleaned_80mV 60Hz_µA_3.csv: 0.1924332402703158,80.0,60.0,3,0.1924332402703158,0ng/mL
Lowest trough value in cleaned_80mV 60Hz_µA_5.csv: 0.07400976801946488,80.0,60.0,5,0.07400976801946488,100ng/mL
Lowest trough value in cleaned_80mV 60Hz_µA_6.csv: 0.3003817479738854,80.0,60.0,6,0.3003817479738854,100ng/mL
Lowest trough value in cleaned_80mV 60Hz_µA_7.csv: 0.0021417247067431755,80.0,60.0,7,0.0021417247067431755,100ng/mL
Lowest trough value in cleaned_80mV 60Hz_µA_8.csv: 0.23346644710427678,80.0,60.0,8,0.23346644710427678,100ng/mL
Lowest trough value in cleaned_80mV 80Hz_µA_2.csv: 0.27465616607625365,80.0,80.0,2,0.27465616607625365,0ng/mL
Lowest trough value in cleaned_80mV 80Hz_µA_3.csv: 0.22097931803599782,80.0,80.0,3,0.22097931803599782,0ng/mL
Lowest trough value in cleaned_80mV 80Hz_µA_5.csv: 0.08453342997582941,80.0,80.0,5,0.08453342997582941,100ng/mL
Lowest trough value in cleaned_80mV 80Hz_µA_6.csv: 0.34121941712314385,80.0,80.0,6,0.34121941712314385,100ng/mL
Lowest trough value in cleaned_80mV 80Hz_µA_8.csv: 0.3148838592927296,80.0,80.0,8,0.3148838592927296,100ng/mL
Lowest trough value in cleaned_80mV 100Hz_µA_2.csv: 0.32226227346739833,80.0,100.0,2,0.32226227346739833,0ng/mL
Lowest trough value in cleaned_80mV 100Hz_µA_3.csv: 0.26430663025822393,80.0,100.0,3,0.26430663025822393,0ng/mL
Lowest trough value in cleaned_80mV 100Hz_µA_5.csv: 0.11668977395913632,80.0,100.0,5,0.11668977395913632,100ng/mL
Lowest trough value in cleaned_80mV 100Hz_µA_6.csv: 0.45287227078132297,80.0,100.0,6,0.45287227078132297,100ng/mL
Lowest trough value in cleaned_80mV 100Hz_µA_8.csv: 0.3166521839672558,80.0,100.0,8,0.3166521839672558,100ng/mL
Lowest trough value in cleaned_80mV 150Hz_µA_1.csv: 1.3251640553649628,80.0,150.0,1,1.3251640553649628,0ng/mL
Lowest trough value in cleaned_80mV 150Hz_µA_2.csv: 0.4081149807929434,80.0,150.0,2,0.4081149807929434,0ng/mL
Lowest trough value in cleaned_80mV 150Hz_µA_3.csv: 0.33920047388882374,80.0,150.0,3,0.33920047388882374,0ng/mL
Lowest trough value in cleaned_80mV 150Hz_µA_5.csv: 0.16957663222783137,80.0,150.0,5,0.16957663222783137,100ng/mL
Lowest trough value in cleaned_80mV 150Hz_µA_6.csv: 0.5907191544037598,80.0,150.0,6,0.5907191544037598,100ng/mL
Lowest trough value in cleaned_80mV 150Hz_µA_8.csv: 0.33587476820923057,80.0,150.0,8,0.33587476820923057,100ng/mL
Lowest trough value in cleaned_80mV 200Hz_µA_1.csv: 1.6650421996386822,80.0,200.0,1,1.6650421996386822,0ng/mL
Lowest trough value in cleaned_80mV 200Hz_µA_2.csv: 0.5033154849589541,80.0,200.0,2,0.5033154849589541,0ng/mL
Lowest trough value in cleaned_80mV 200Hz_µA_3.csv: 0.4145984136534169,80.0,200.0,3,0.4145984136534169,0ng/mL
Lowest trough value in cleaned_80mV 200Hz_µA_5.csv: 0.2041809443411866,80.0,200.0,5,0.2041809443411866,100ng/mL
Lowest trough value in cleaned_80mV 200Hz_µA_6.csv: 0.5470638816042837,80.0,200.0,6,0.5470638816042837,100ng/mL
Lowest trough value in cleaned_80mV 200Hz_µA_8.csv: 0.37433775669563485,80.0,200.0,8,0.37433775669563485,100ng/mL
Lowest trough value in cleaned_80mV 300Hz_µA_1.csv: 2.3502731758391766,80.0,300.0,1,2.3502731758391766,0ng/mL
Lowest trough value in cleaned_80mV 300Hz_µA_2.csv: 0.6277945731145125,80.0,300.0,2,0.6277945731145125,0ng/mL
Lowest trough value in cleaned_80mV 300Hz_µA_3.csv: 0.557612954260652,80.0,300.0,3,0.557612954260652,0ng/mL
Lowest trough value in cleaned_80mV 300Hz_µA_5.csv: 0.29677783999146046,80.0,300.0,5,0.29677783999146046,100ng/mL
Lowest trough value in cleaned_80mV 300Hz_µA_6.csv: 0.6371312028153269,80.0,300.0,6,0.6371312028153269,100ng/mL
Lowest trough value in cleaned_80mV 300Hz_µA_8.csv: 0.4422873506597136,80.0,300.0,8,0.4422873506597136,100ng/mL
Lowest trough value in cleaned_90mV 20Hz_µA_1.csv: -1.4790831322654605,90.0,20.0,1,-1.4790831322654605,0ng/mL
Lowest trough value in cleaned_90mV 20Hz_µA_3.csv: -0.0011540398599358195,90.0,20.0,3,-0.0011540398599358195,0ng/mL
Lowest trough value in cleaned_90mV 40Hz_µA_2.csv: -0.007937297956260192,90.0,40.0,2,-0.007937297956260192,0ng/mL
Lowest trough value in cleaned_90mV 40Hz_µA_3.csv: -0.004307032174427836,90.0,40.0,3,-0.004307032174427836,0ng/mL
Lowest trough value in cleaned_90mV 60Hz_µA_2.csv: 0.3100218592915043,90.0,60.0,2,0.3100218592915043,0ng/mL
Lowest trough value in cleaned_90mV 60Hz_µA_3.csv: 0.2515482258190498,90.0,60.0,3,0.2515482258190498,0ng/mL
Lowest trough value in cleaned_90mV 60Hz_µA_5.csv: 0.1105128976424167,90.0,60.0,5,0.1105128976424167,100ng/mL
Lowest trough value in cleaned_90mV 60Hz_µA_6.csv: 0.36604342055654154,90.0,60.0,6,0.36604342055654154,100ng/mL
Lowest trough value in cleaned_90mV 60Hz_µA_8.csv: 0.46108656402301745,90.0,60.0,8,0.46108656402301745,100ng/mL
Lowest trough value in cleaned_90mV 80Hz_µA_1.csv: 1.0668502718146415,90.0,80.0,1,1.0668502718146415,0ng/mL
Lowest trough value in cleaned_90mV 80Hz_µA_2.csv: 0.35233035791239997,90.0,80.0,2,0.35233035791239997,0ng/mL
Lowest trough value in cleaned_90mV 80Hz_µA_3.csv: 0.2943091959691351,90.0,80.0,3,0.2943091959691351,0ng/mL
Lowest trough value in cleaned_90mV 80Hz_µA_5.csv: 0.13079602339631985,90.0,80.0,5,0.13079602339631985,100ng/mL
Lowest trough value in cleaned_90mV 80Hz_µA_6.csv: 0.3758259307033536,90.0,80.0,6,0.3758259307033536,100ng/mL
Lowest trough value in cleaned_90mV 80Hz_µA_8.csv: 0.5532586316394943,90.0,80.0,8,0.5532586316394943,100ng/mL
Lowest trough value in cleaned_90mV 100Hz_µA_1.csv: 1.2426684025548247,90.0,100.0,1,1.2426684025548247,0ng/mL
Lowest trough value in cleaned_90mV 100Hz_µA_2.csv: 0.40655825647773125,90.0,100.0,2,0.40655825647773125,0ng/mL
Lowest trough value in cleaned_90mV 100Hz_µA_3.csv: 0.33043703111834444,90.0,100.0,3,0.33043703111834444,0ng/mL
Lowest trough value in cleaned_90mV 100Hz_µA_5.csv: 0.15187250636580407,90.0,100.0,5,0.15187250636580407,100ng/mL
Lowest trough value in cleaned_90mV 100Hz_µA_6.csv: 0.41329183176497875,90.0,100.0,6,0.41329183176497875,100ng/mL
Lowest trough value in cleaned_90mV 100Hz_µA_8.csv: 0.6282766698090202,90.0,100.0,8,0.6282766698090202,100ng/mL
Lowest trough value in cleaned_90mV 150Hz_µA_1.csv: 1.8096352944219185,90.0,150.0,1,1.8096352944219185,0ng/mL
Lowest trough value in cleaned_90mV 150Hz_µA_2.csv: 0.5027967831847815,90.0,150.0,2,0.5027967831847815,0ng/mL
Lowest trough value in cleaned_90mV 150Hz_µA_3.csv: 0.4117216758122909,90.0,150.0,3,0.4117216758122909,0ng/mL
Lowest trough value in cleaned_90mV 150Hz_µA_5.csv: 0.20684709854524308,90.0,150.0,5,0.20684709854524308,100ng/mL
Lowest trough value in cleaned_90mV 150Hz_µA_6.csv: 0.5142820569366706,90.0,150.0,6,0.5142820569366706,100ng/mL
Lowest trough value in cleaned_90mV 150Hz_µA_8.csv: 0.6835917375127966,90.0,150.0,8,0.6835917375127966,100ng/mL
Lowest trough value in cleaned_90mV 200Hz_µA_1.csv: 2.3418361857189405,90.0,200.0,1,2.3418361857189405,0ng/mL
Lowest trough value in cleaned_90mV 200Hz_µA_2.csv: 0.5990558250576812,90.0,200.0,2,0.5990558250576812,0ng/mL
Lowest trough value in cleaned_90mV 200Hz_µA_3.csv: 0.5002136651562052,90.0,200.0,3,0.5002136651562052,0ng/mL
Lowest trough value in cleaned_90mV 200Hz_µA_5.csv: 0.2458136140719176,90.0,200.0,5,0.2458136140719176,100ng/mL
Lowest trough value in cleaned_90mV 200Hz_µA_6.csv: 0.5355517632127687,90.0,200.0,6,0.5355517632127687,100ng/mL
Lowest trough value in cleaned_90mV 200Hz_µA_8.csv: 0.7834508678358566,90.0,200.0,8,0.7834508678358566,100ng/mL
Lowest trough value in cleaned_90mV 300Hz_µA_1.csv: 3.3206259012382198,90.0,300.0,1,3.3206259012382198,0ng/mL
Lowest trough value in cleaned_90mV 300Hz_µA_2.csv: 0.7613030889714452,90.0,300.0,2,0.7613030889714452,0ng/mL
Lowest trough value in cleaned_90mV 300Hz_µA_3.csv: 0.6647274744100478,90.0,300.0,3,0.6647274744100478,0ng/mL
Lowest trough value in cleaned_90mV 300Hz_µA_5.csv: 0.3321870751500091,90.0,300.0,5,0.3321870751500091,100ng/mL
Lowest trough value in cleaned_90mV 300Hz_µA_6.csv: 0.5150974888151727,90.0,300.0,6,0.5150974888151727,100ng/mL
Lowest trough value in cleaned_90mV 300Hz_µA_8.csv: 0.9739225266885287,90.0,300.0,8,0.9739225266885287,100ng/mL
Lowest trough value in cleaned_100mV 20Hz_µA_1.csv: -1.756731163896942,100.0,20.0,1,-1.756731163896942,0ng/mL
Lowest trough value in cleaned_100mV 20Hz_µA_7.csv: -0.4085366973540405,100.0,20.0,7,-0.4085366973540405,100ng/mL
Lowest trough value in cleaned_100mV 40Hz_µA_1.csv: -2.4330581808911678,100.0,40.0,1,-2.4330581808911678,0ng/mL
Lowest trough value in cleaned_100mV 40Hz_µA_2.csv: -0.004942723272290506,100.0,40.0,2,-0.004942723272290506,0ng/mL
Lowest trough value in cleaned_100mV 40Hz_µA_3.csv: -0.0017368777855939904,100.0,40.0,3,-0.0017368777855939904,0ng/mL
Lowest trough value in cleaned_100mV 60Hz_µA_2.csv: 0.36445434745900807,100.0,60.0,2,0.36445434745900807,0ng/mL
Lowest trough value in cleaned_100mV 60Hz_µA_3.csv: 0.2985515481894171,100.0,60.0,3,0.2985515481894171,0ng/mL
Lowest trough value in cleaned_100mV 60Hz_µA_6.csv: 0.5214412554140306,100.0,60.0,6,0.5214412554140306,100ng/mL
Lowest trough value in cleaned_100mV 60Hz_µA_8.csv: 0.5617888987180755,100.0,60.0,8,0.5617888987180755,100ng/mL
Lowest trough value in cleaned_100mV 80Hz_µA_2.csv: 0.41693612811414726,100.0,80.0,2,0.41693612811414726,0ng/mL
Lowest trough value in cleaned_100mV 80Hz_µA_3.csv: 0.34474095045101616,100.0,80.0,3,0.34474095045101616,0ng/mL
Lowest trough value in cleaned_100mV 80Hz_µA_5.csv: 0.15668896481457706,100.0,80.0,5,0.15668896481457706,100ng/mL
Lowest trough value in cleaned_100mV 80Hz_µA_6.csv: 0.5644245615911934,100.0,80.0,6,0.5644245615911934,100ng/mL
Lowest trough value in cleaned_100mV 80Hz_µA_8.csv: 0.6930593456346128,100.0,80.0,8,0.6930593456346128,100ng/mL
Lowest trough value in cleaned_100mV 100Hz_µA_2.csv: 0.4836378791166116,100.0,100.0,2,0.4836378791166116,0ng/mL
Lowest trough value in cleaned_100mV 100Hz_µA_3.csv: 0.3967794263938627,100.0,100.0,3,0.3967794263938627,0ng/mL
Lowest trough value in cleaned_100mV 100Hz_µA_5.csv: 0.1853168587053487,100.0,100.0,5,0.1853168587053487,100ng/mL
Lowest trough value in cleaned_100mV 100Hz_µA_6.csv: 0.6096553288653914,100.0,100.0,6,0.6096553288653914,100ng/mL
Lowest trough value in cleaned_100mV 100Hz_µA_8.csv: 0.7907143103412992,100.0,100.0,8,0.7907143103412992,100ng/mL
Lowest trough value in cleaned_100mV 200Hz_µA_1.csv: 2.5669560317424303,100.0,200.0,1,2.5669560317424303,0ng/mL
Lowest trough value in cleaned_100mV 200Hz_µA_2.csv: 0.7416140886413234,100.0,200.0,2,0.7416140886413234,0ng/mL
Lowest trough value in cleaned_100mV 200Hz_µA_3.csv: 0.5902273984238093,100.0,200.0,3,0.5902273984238093,0ng/mL
Lowest trough value in cleaned_100mV 200Hz_µA_5.csv: 0.29169931011048167,100.0,200.0,5,0.29169931011048167,100ng/mL
Lowest trough value in cleaned_100mV 200Hz_µA_6.csv: 0.7120109943090558,100.0,200.0,6,0.7120109943090558,100ng/mL
Lowest trough value in cleaned_100mV 200Hz_µA_8.csv: 1.0963625579587948,100.0,200.0,8,1.0963625579587948,100ng/mL
Lowest trough value in cleaned_100mV 300Hz_µA_1.csv: 4.016838450433577,100.0,300.0,1,4.016838450433577,0ng/mL
Lowest trough value in cleaned_100mV 300Hz_µA_2.csv: 0.9367436679666294,100.0,300.0,2,0.9367436679666294,0ng/mL
Lowest trough value in cleaned_100mV 300Hz_µA_3.csv: 0.7761712888775132,100.0,300.0,3,0.7761712888775132,0ng/mL
Lowest trough value in cleaned_100mV 300Hz_µA_5.csv: 0.417494691698689,100.0,300.0,5,0.417494691698689,100ng/mL
Lowest trough value in cleaned_100mV 300Hz_µA_6.csv: 0.8731245303016495,100.0,300.0,6,0.8731245303016495,100ng/mL
Lowest trough value in cleaned_100mV 300Hz_µA_8.csv: 1.210550133331691,100.0,300.0,8,1.210550133331691,100ng/mL
